/*******************************************************************************
 * Size: 48 px
 * Bpp: 1
 * Opts: --bpp 1 --size 48 --font D:/Arduino Projekte/GT-Waage/.SL-Projekt/assets/calibrib.ttf -o D:/Arduino Projekte/GT-Waage/.SL-Projekt/assets\ui_font_Calibri48.c --format lvgl -r 0x20-0xff --no-compress --no-prefilter
 ******************************************************************************/

#include "ui.h"

#ifndef UI_FONT_CALIBRI48
#define UI_FONT_CALIBRI48 1
#endif

#if UI_FONT_CALIBRI48

/*-----------------
 *    BITMAPS
 *----------------*/

/*Store the image of the glyphs*/
static LV_ATTRIBUTE_LARGE_CONST const uint8_t glyph_bitmap[] = {
    /* U+0020 " " */
    0x0,

    /* U+0021 "!" */
    0xff, 0xff, 0xff, 0xff, 0xff, 0xff, 0xff, 0xff,
    0xff, 0xff, 0xff, 0xff, 0xff, 0xff, 0xff, 0xff,
    0xff, 0xc0, 0x0, 0x0, 0x3f, 0xff, 0xff, 0xff,
    0xfc, 0x80,

    /* U+0022 "\"" */
    0xf8, 0x7f, 0xe1, 0xff, 0x87, 0xfe, 0x1f, 0xf8,
    0x7f, 0xe1, 0xff, 0x87, 0xfe, 0x1f, 0xf8, 0x7f,
    0xe1, 0xff, 0x87, 0xfe, 0x1f,

    /* U+0023 "#" */
    0x3, 0xc1, 0xf0, 0x1f, 0x7, 0xc0, 0x7c, 0x1f,
    0x1, 0xf0, 0x7c, 0x7, 0xc1, 0xe0, 0x1f, 0x7,
    0x80, 0x78, 0x1e, 0x1, 0xe0, 0x78, 0x7f, 0xff,
    0xfd, 0xff, 0xff, 0xf7, 0xff, 0xff, 0xdf, 0xff,
    0xff, 0xf, 0x83, 0xe0, 0x3e, 0xf, 0x0, 0xf8,
    0x3c, 0x3, 0xc0, 0xf0, 0xf, 0x7, 0xc0, 0x7c,
    0x1f, 0xf, 0xff, 0xff, 0xbf, 0xff, 0xfe, 0xff,
    0xff, 0xfb, 0xff, 0xff, 0xe1, 0xe0, 0x78, 0x7,
    0x81, 0xe0, 0x1e, 0xf, 0x80, 0xf8, 0x3e, 0x3,
    0xe0, 0xf8, 0xf, 0x83, 0xe0, 0x3e, 0xf, 0x80,
    0xf8, 0x3c, 0x0,

    /* U+0024 "$" */
    0x0, 0x3e, 0x0, 0x1, 0xf0, 0x0, 0xf, 0x80,
    0x0, 0x7c, 0x0, 0x3, 0xe0, 0x0, 0x1e, 0x0,
    0xf, 0xff, 0x1, 0xff, 0xfc, 0x1f, 0xff, 0xe1,
    0xff, 0xff, 0xf, 0xe0, 0x78, 0xfe, 0x0, 0x47,
    0xe0, 0x0, 0x3f, 0x0, 0x1, 0xf8, 0x0, 0xf,
    0xe0, 0x0, 0x7f, 0xc0, 0x1, 0xff, 0x80, 0xf,
    0xff, 0x80, 0x3f, 0xff, 0x0, 0xff, 0xfc, 0x1,
    0xff, 0xf0, 0x1, 0xff, 0xc0, 0x3, 0xff, 0x0,
    0x7, 0xf8, 0x0, 0x1f, 0xc0, 0x0, 0x7e, 0x0,
    0x3, 0xf0, 0x0, 0x1f, 0xb0, 0x1, 0xfb, 0xf0,
    0x1f, 0xdf, 0xff, 0xfc, 0x7f, 0xff, 0xc3, 0xff,
    0xfc, 0x7, 0xff, 0x80, 0x7, 0xc0, 0x0, 0x3e,
    0x0, 0x1, 0xf0, 0x0, 0xf, 0x0, 0x0, 0x78,
    0x0, 0x3, 0xc0, 0x0,

    /* U+0025 "%" */
    0x0, 0x0, 0x0, 0x0, 0x1f, 0xe0, 0x0, 0x7c,
    0x3f, 0xf0, 0x0, 0xf8, 0x7f, 0xf8, 0x1, 0xf0,
    0x7c, 0xf8, 0x1, 0xf0, 0xf8, 0x7c, 0x3, 0xe0,
    0xf8, 0x7c, 0x7, 0xc0, 0xf8, 0x7c, 0xf, 0x80,
    0xf8, 0x7c, 0xf, 0x80, 0xf8, 0x7c, 0x1f, 0x0,
    0xf8, 0x7c, 0x3e, 0x0, 0xf8, 0x7c, 0x7c, 0x0,
    0x7c, 0xf8, 0x7c, 0x0, 0x7f, 0xf8, 0xf8, 0x0,
    0x3f, 0xf1, 0xf0, 0x0, 0xf, 0xc3, 0xe3, 0xf0,
    0x0, 0x3, 0xef, 0xfc, 0x0, 0x7, 0xcf, 0xfe,
    0x0, 0xf, 0x9f, 0x3e, 0x0, 0x1f, 0x1e, 0x1f,
    0x0, 0x1f, 0x3e, 0x1f, 0x0, 0x3e, 0x3e, 0x1f,
    0x0, 0x7c, 0x3e, 0x1f, 0x0, 0xf8, 0x3e, 0x1f,
    0x0, 0xf8, 0x3e, 0x1f, 0x1, 0xf0, 0x3e, 0x1f,
    0x3, 0xe0, 0x3e, 0x1f, 0x7, 0xc0, 0x1f, 0x3e,
    0x7, 0xc0, 0x1f, 0xfe, 0xf, 0x80, 0xf, 0xfc,
    0x1f, 0x0, 0x7, 0xf8, 0xc, 0x0, 0x0, 0x80,

    /* U+0026 "&" */
    0x0, 0x1f, 0xe0, 0x0, 0x0, 0xff, 0xf8, 0x0,
    0x1, 0xff, 0xfe, 0x0, 0x3, 0xff, 0xfe, 0x0,
    0x3, 0xf0, 0x7f, 0x0, 0x7, 0xe0, 0x3f, 0x0,
    0x7, 0xe0, 0x3f, 0x0, 0x7, 0xe0, 0x3f, 0x0,
    0x7, 0xe0, 0x3f, 0x0, 0x7, 0xf0, 0x7f, 0x0,
    0x7, 0xf0, 0xfe, 0x0, 0x3, 0xf9, 0xfc, 0x0,
    0x3, 0xff, 0xf8, 0x0, 0x1, 0xff, 0xf0, 0x0,
    0x1, 0xff, 0xe0, 0x0, 0x1, 0xff, 0x80, 0x7c,
    0x3, 0xff, 0x80, 0xfc, 0x7, 0xff, 0xc0, 0xfc,
    0xf, 0xff, 0xe0, 0xfc, 0x1f, 0xef, 0xf0, 0xfc,
    0x1f, 0x87, 0xf9, 0xfc, 0x3f, 0x87, 0xfd, 0xf8,
    0x3f, 0x3, 0xff, 0xf8, 0x3f, 0x1, 0xff, 0xf8,
    0x3f, 0x0, 0xff, 0xf0, 0x3f, 0x0, 0x7f, 0xf0,
    0x3f, 0x80, 0x3f, 0xf0, 0x1f, 0xc0, 0x3f, 0xf8,
    0x1f, 0xff, 0xff, 0xfe, 0xf, 0xff, 0xff, 0xff,
    0x3, 0xff, 0xfc, 0xff, 0x1, 0xff, 0xf0, 0x3f,
    0x0, 0xc, 0x0, 0x4,

    /* U+0027 "'" */
    0xff, 0xff, 0xff, 0xff, 0xff, 0xff, 0xff, 0xf0,

    /* U+0028 "(" */
    0x7, 0xc3, 0xf0, 0xf8, 0x3e, 0x1f, 0x87, 0xc3,
    0xf0, 0xfc, 0x3e, 0x1f, 0x87, 0xe1, 0xf8, 0x7e,
    0x1f, 0xf, 0xc3, 0xf0, 0xfc, 0x3f, 0xf, 0xc3,
    0xf0, 0xfc, 0x3f, 0xf, 0xc3, 0xf0, 0xfc, 0x3f,
    0xf, 0xc1, 0xf8, 0x7e, 0x1f, 0x87, 0xe1, 0xf8,
    0x3f, 0xf, 0xc3, 0xf0, 0x7c, 0x1f, 0x83, 0xe0,
    0xfc, 0x3f, 0x7, 0xc0,

    /* U+0029 ")" */
    0xf8, 0x3f, 0x7, 0xc1, 0xf0, 0x7e, 0xf, 0x83,
    0xf0, 0xfc, 0x3f, 0x7, 0xe1, 0xf8, 0x7e, 0x1f,
    0x87, 0xe0, 0xfc, 0x3f, 0xf, 0xc3, 0xf0, 0xfc,
    0x3f, 0xf, 0xc3, 0xf0, 0xfc, 0x3f, 0xf, 0xc3,
    0xf0, 0xfc, 0x7e, 0x1f, 0x87, 0xe1, 0xf8, 0x7e,
    0x3f, 0xf, 0xc3, 0xf0, 0xf8, 0x7e, 0x1f, 0xf,
    0xc3, 0xe0, 0xf8, 0x0,

    /* U+002A "*" */
    0x3, 0xe0, 0x1, 0xf0, 0x0, 0xf8, 0xc, 0x38,
    0x67, 0x1c, 0x77, 0xee, 0xff, 0xff, 0xfe, 0x7f,
    0xfc, 0x7, 0xf0, 0x3, 0xf8, 0xf, 0xff, 0x9f,
    0xff, 0xff, 0xdd, 0xfb, 0x8e, 0x39, 0x87, 0xc,
    0x7, 0xc0, 0x3, 0xe0, 0x1, 0xf0, 0x0,

    /* U+002B "+" */
    0x0, 0xf8, 0x0, 0x7, 0xc0, 0x0, 0x3e, 0x0,
    0x1, 0xf0, 0x0, 0xf, 0x80, 0x0, 0x7c, 0x0,
    0x3, 0xe0, 0x0, 0x1f, 0x0, 0x0, 0xf8, 0x7,
    0xff, 0xff, 0xff, 0xff, 0xff, 0xff, 0xff, 0xff,
    0xff, 0xff, 0x80, 0x7c, 0x0, 0x3, 0xe0, 0x0,
    0x1f, 0x0, 0x0, 0xf8, 0x0, 0x7, 0xc0, 0x0,
    0x3e, 0x0, 0x1, 0xf0, 0x0, 0xf, 0x80, 0x0,
    0x7c, 0x0,

    /* U+002C "," */
    0x0, 0xf, 0xc7, 0xe3, 0xf1, 0xf8, 0xfc, 0x7c,
    0x3e, 0x3e, 0x1f, 0x1f, 0xf, 0xf, 0x87, 0x80,

    /* U+002D "-" */
    0xff, 0xff, 0xff, 0xff, 0xff, 0xff,

    /* U+002E "." */
    0x0, 0xfb, 0xff, 0xff, 0xff, 0xdf, 0x8,

    /* U+002F "/" */
    0x0, 0x1, 0xf0, 0x0, 0x3f, 0x0, 0x3, 0xf0,
    0x0, 0x7e, 0x0, 0x7, 0xe0, 0x0, 0x7e, 0x0,
    0xf, 0xc0, 0x0, 0xfc, 0x0, 0xf, 0x80, 0x1,
    0xf8, 0x0, 0x1f, 0x80, 0x3, 0xf0, 0x0, 0x3f,
    0x0, 0x3, 0xf0, 0x0, 0x7e, 0x0, 0x7, 0xe0,
    0x0, 0x7e, 0x0, 0xf, 0xc0, 0x0, 0xfc, 0x0,
    0xf, 0xc0, 0x1, 0xf8, 0x0, 0x1f, 0x80, 0x1,
    0xf0, 0x0, 0x3f, 0x0, 0x3, 0xf0, 0x0, 0x7e,
    0x0, 0x7, 0xe0, 0x0, 0x7e, 0x0, 0xf, 0xc0,
    0x0, 0xfc, 0x0, 0xf, 0xc0, 0x1, 0xf8, 0x0,
    0x1f, 0x80, 0x1, 0xf8, 0x0, 0x3f, 0x0, 0x3,
    0xf0, 0x0, 0x3f, 0x0, 0x7, 0xe0, 0x0, 0x7e,
    0x0, 0x7, 0xc0, 0x0, 0xfc, 0x0, 0xf, 0xc0,
    0x0,

    /* U+0030 "0" */
    0x0, 0x10, 0x0, 0xf, 0xfc, 0x0, 0x7f, 0xfc,
    0x7, 0xff, 0xf8, 0x1f, 0xff, 0xf0, 0xfc, 0xf,
    0xc3, 0xe0, 0x1f, 0x9f, 0x80, 0x7e, 0x7e, 0x0,
    0xf9, 0xf0, 0x3, 0xff, 0xc0, 0xf, 0xff, 0x0,
    0x3f, 0xfc, 0x0, 0xff, 0xf0, 0x3, 0xff, 0xc0,
    0xf, 0xff, 0x0, 0x3f, 0xfc, 0x0, 0xff, 0xf0,
    0x3, 0xff, 0xc0, 0xf, 0xff, 0x0, 0x3f, 0xfc,
    0x0, 0xff, 0xf0, 0x3, 0xff, 0xc0, 0xf, 0x9f,
    0x80, 0x7e, 0x7e, 0x1, 0xf9, 0xf8, 0x7, 0xc3,
    0xf0, 0x3f, 0xf, 0xff, 0xf8, 0x1f, 0xff, 0xe0,
    0x3f, 0xfe, 0x0, 0x3f, 0xf0, 0x0, 0x8, 0x0,

    /* U+0031 "1" */
    0x1, 0xf8, 0x0, 0x7f, 0x0, 0x3f, 0xe0, 0x1f,
    0xfc, 0x7, 0xff, 0x81, 0xff, 0xf0, 0x3f, 0x7e,
    0x7, 0x8f, 0xc0, 0xc1, 0xf8, 0x0, 0x3f, 0x0,
    0x7, 0xe0, 0x0, 0xfc, 0x0, 0x1f, 0x80, 0x3,
    0xf0, 0x0, 0x7e, 0x0, 0xf, 0xc0, 0x1, 0xf8,
    0x0, 0x3f, 0x0, 0x7, 0xe0, 0x0, 0xfc, 0x0,
    0x1f, 0x80, 0x3, 0xf0, 0x0, 0x7e, 0x0, 0xf,
    0xc0, 0x1, 0xf8, 0x0, 0x3f, 0x3, 0xff, 0xff,
    0xff, 0xff, 0xff, 0xff, 0xff, 0xff, 0xff, 0xc0,

    /* U+0032 "2" */
    0x0, 0x0, 0x0, 0xff, 0xe0, 0x7f, 0xff, 0x7,
    0xff, 0xf8, 0x7f, 0xff, 0xc7, 0x1, 0xfc, 0x40,
    0xf, 0xe0, 0x0, 0xfe, 0x0, 0xf, 0xe0, 0x0,
    0xfe, 0x0, 0xf, 0xe0, 0x1, 0xfe, 0x0, 0x1f,
    0xe0, 0x3, 0xfc, 0x0, 0x3f, 0xc0, 0x7, 0xf8,
    0x0, 0xff, 0x80, 0xf, 0xf0, 0x1, 0xfe, 0x0,
    0x3f, 0xc0, 0x7, 0xf8, 0x0, 0xff, 0x80, 0x1f,
    0xf0, 0x3, 0xfe, 0x0, 0x7f, 0xc0, 0x7, 0xf8,
    0x0, 0xff, 0x0, 0xf, 0xff, 0xff, 0xff, 0xff,
    0xff, 0xff, 0xff, 0xff, 0xff, 0xf0,

    /* U+0033 "3" */
    0x0, 0x40, 0x0, 0xff, 0xc0, 0x3f, 0xff, 0x7,
    0xff, 0xf8, 0x7f, 0xff, 0x87, 0x1, 0xfc, 0x40,
    0xf, 0xc0, 0x0, 0xfc, 0x0, 0xf, 0xc0, 0x0,
    0xfc, 0x0, 0x1f, 0xc0, 0x1, 0xf8, 0x0, 0x7f,
    0x81, 0xff, 0xe0, 0x1f, 0xf8, 0x1, 0xff, 0xf0,
    0x1f, 0xff, 0xc0, 0x3, 0xfe, 0x0, 0x1f, 0xe0,
    0x0, 0xff, 0x0, 0x7, 0xf0, 0x0, 0x7f, 0x0,
    0x7, 0xf0, 0x0, 0x7f, 0x0, 0x7, 0xf8, 0x0,
    0xfe, 0xe0, 0x1f, 0xef, 0xff, 0xfc, 0xff, 0xff,
    0x8f, 0xff, 0xf0, 0x3f, 0xfc, 0x0, 0x18, 0x0,

    /* U+0034 "4" */
    0x0, 0x3f, 0xe0, 0x0, 0xff, 0x80, 0x7, 0xfe,
    0x0, 0x1f, 0xf8, 0x0, 0xff, 0xe0, 0x7, 0xff,
    0x80, 0x1f, 0x7e, 0x0, 0xfd, 0xf8, 0x3, 0xe7,
    0xe0, 0x1f, 0x1f, 0x80, 0xfc, 0x7e, 0x3, 0xe1,
    0xf8, 0x1f, 0x87, 0xe0, 0x7c, 0x1f, 0x83, 0xf0,
    0x7e, 0x1f, 0x81, 0xf8, 0x7c, 0x7, 0xe3, 0xf0,
    0x1f, 0x8f, 0x80, 0x7e, 0x3f, 0xff, 0xff, 0xff,
    0xff, 0xff, 0xff, 0xff, 0xff, 0xff, 0xff, 0xc0,
    0x1, 0xf8, 0x0, 0x7, 0xe0, 0x0, 0x1f, 0x80,
    0x0, 0x7e, 0x0, 0x1, 0xf8, 0x0, 0x7, 0xe0,
    0x0, 0x1f, 0x80,

    /* U+0035 "5" */
    0x7f, 0xff, 0x8f, 0xff, 0xf1, 0xff, 0xfe, 0x3f,
    0xff, 0xc7, 0xc0, 0x0, 0xf8, 0x0, 0x1f, 0x0,
    0x3, 0xe0, 0x0, 0x7c, 0x0, 0xf, 0x80, 0x1,
    0xf0, 0x0, 0x3e, 0x0, 0x7, 0xff, 0x80, 0xff,
    0xfe, 0x1f, 0xff, 0xe3, 0xff, 0xfe, 0x0, 0x3f,
    0xc0, 0x1, 0xfc, 0x0, 0x3f, 0x80, 0x3, 0xf0,
    0x0, 0x7e, 0x0, 0xf, 0xc0, 0x1, 0xf8, 0x0,
    0x3f, 0x0, 0xf, 0xd8, 0x3, 0xfb, 0xff, 0xfe,
    0x7f, 0xff, 0x8f, 0xff, 0xe0, 0xff, 0xf0, 0x0,
    0x40, 0x0,

    /* U+0036 "6" */
    0x0, 0x0, 0x0, 0x7, 0xff, 0x0, 0xff, 0xf8,
    0x1f, 0xff, 0xc1, 0xff, 0xfe, 0xf, 0xc0, 0x0,
    0xfc, 0x0, 0x7, 0xc0, 0x0, 0x7e, 0x0, 0x3,
    0xf0, 0x0, 0x1f, 0x0, 0x1, 0xf8, 0x0, 0xf,
    0xc7, 0xf0, 0x7f, 0xff, 0xe3, 0xff, 0xff, 0x9f,
    0xff, 0xfe, 0xff, 0x7, 0xf7, 0xe0, 0x1f, 0xff,
    0x0, 0x7f, 0xf8, 0x3, 0xff, 0xc0, 0x1f, 0xfe,
    0x0, 0xff, 0xf0, 0x7, 0xff, 0x80, 0x3f, 0x7e,
    0x3, 0xfb, 0xf0, 0x1f, 0x9f, 0xc1, 0xfc, 0x7f,
    0xff, 0xc1, 0xff, 0xfc, 0x7, 0xff, 0xc0, 0x1f,
    0xf8, 0x0, 0xc, 0x0,

    /* U+0037 "7" */
    0xff, 0xff, 0xff, 0xff, 0xff, 0xff, 0xff, 0xff,
    0xff, 0xff, 0x0, 0x7, 0xf0, 0x0, 0x7f, 0x0,
    0xf, 0xe0, 0x0, 0xfe, 0x0, 0x1f, 0xc0, 0x1,
    0xfc, 0x0, 0x1f, 0x80, 0x3, 0xf8, 0x0, 0x3f,
    0x80, 0x7, 0xf0, 0x0, 0x7f, 0x0, 0xf, 0xe0,
    0x0, 0xfe, 0x0, 0x1f, 0xc0, 0x1, 0xfc, 0x0,
    0x1f, 0xc0, 0x3, 0xf8, 0x0, 0x3f, 0x80, 0x7,
    0xf0, 0x0, 0x7f, 0x0, 0xf, 0xe0, 0x0, 0xfe,
    0x0, 0xf, 0xe0, 0x1, 0xfc, 0x0, 0x1f, 0xc0,
    0x1, 0xf8, 0x0,

    /* U+0038 "8" */
    0x0, 0x10, 0x0, 0x1f, 0xfc, 0x3, 0xff, 0xf8,
    0x3f, 0xff, 0xe3, 0xff, 0xff, 0x1f, 0x81, 0xfd,
    0xf8, 0x7, 0xef, 0xc0, 0x3f, 0x7e, 0x1, 0xfb,
    0xf0, 0xf, 0xdf, 0xc0, 0xfc, 0x7f, 0xf, 0xe3,
    0xfe, 0xfe, 0xf, 0xff, 0xe0, 0x3f, 0xfc, 0x0,
    0xff, 0xe0, 0x7, 0xff, 0x80, 0xff, 0xfe, 0xf,
    0xf7, 0xf8, 0xfe, 0xf, 0xe7, 0xe0, 0x3f, 0xff,
    0x1, 0xff, 0xf0, 0x7, 0xff, 0x80, 0x3f, 0xfc,
    0x1, 0xff, 0xe0, 0xf, 0xff, 0x80, 0xfc, 0xff,
    0xff, 0xe3, 0xff, 0xfe, 0xf, 0xff, 0xe0, 0x3f,
    0xfc, 0x0, 0xc, 0x0,

    /* U+0039 "9" */
    0x0, 0x0, 0x0, 0x3f, 0xf8, 0x3, 0xff, 0xe0,
    0x7f, 0xff, 0x83, 0xff, 0xfe, 0x3f, 0x83, 0xf1,
    0xf8, 0xf, 0xdf, 0x80, 0x7e, 0xfc, 0x1, 0xf7,
    0xe0, 0xf, 0xff, 0x0, 0x7f, 0xf8, 0x3, 0xff,
    0xc0, 0x1f, 0xff, 0x0, 0xfd, 0xfc, 0x1f, 0xef,
    0xff, 0xff, 0x3f, 0xff, 0xf8, 0xff, 0xff, 0xc1,
    0xfe, 0x7e, 0x0, 0x3, 0xf0, 0x0, 0x1f, 0x80,
    0x0, 0xf8, 0x0, 0xf, 0xc0, 0x0, 0x7e, 0x0,
    0x7, 0xe0, 0x0, 0x3f, 0x18, 0x7, 0xf0, 0xff,
    0xff, 0x7, 0xff, 0xf0, 0x3f, 0xff, 0x0, 0xff,
    0xe0, 0x0, 0x20, 0x0,

    /* U+003A ":" */
    0x7b, 0xff, 0xff, 0xff, 0xf7, 0x80, 0x0, 0x0,
    0x0, 0x0, 0x0, 0x0, 0xfb, 0xff, 0xff, 0xff,
    0xf2, 0x0,

    /* U+003B ";" */
    0xf, 0xf, 0xc7, 0xe3, 0xf1, 0xf8, 0xfc, 0x3c,
    0x0, 0x0, 0x0, 0x0, 0x0, 0x0, 0x0, 0x0,
    0x0, 0x1e, 0x1f, 0x8f, 0xc7, 0xe3, 0xf1, 0xf8,
    0xf8, 0x7c, 0x7c, 0x3e, 0x3e, 0x1e, 0x1f, 0xf,
    0x0,

    /* U+003C "<" */
    0x0, 0x0, 0x30, 0x0, 0xf, 0x0, 0x3, 0xf0,
    0x0, 0xff, 0x0, 0x3f, 0xf0, 0xf, 0xfc, 0x3,
    0xff, 0x0, 0xff, 0xc0, 0x7f, 0xf0, 0xf, 0xfc,
    0x0, 0xff, 0x0, 0xf, 0xc0, 0x0, 0xff, 0x0,
    0xf, 0xfc, 0x0, 0x3f, 0xf0, 0x0, 0xff, 0xc0,
    0x3, 0xff, 0x0, 0xf, 0xfe, 0x0, 0x3f, 0xf0,
    0x0, 0xff, 0x0, 0x3, 0xf0, 0x0, 0xf, 0x0,
    0x0, 0x30,

    /* U+003D "=" */
    0xff, 0xff, 0xff, 0xff, 0xff, 0xff, 0xff, 0xff,
    0xff, 0xff, 0x0, 0x0, 0x0, 0x0, 0x0, 0x0,
    0x0, 0x0, 0x0, 0x0, 0x0, 0x0, 0x0, 0x0,
    0x0, 0xff, 0xff, 0xff, 0xff, 0xff, 0xff, 0xff,
    0xff, 0xff, 0xff,

    /* U+003E ">" */
    0xc0, 0x0, 0xf, 0x0, 0x0, 0xfc, 0x0, 0xf,
    0xf0, 0x0, 0xff, 0xc0, 0x7, 0xff, 0x0, 0x1f,
    0xfc, 0x0, 0x3f, 0xf0, 0x0, 0xff, 0xc0, 0x3,
    0xff, 0x0, 0xf, 0xf0, 0x0, 0x3f, 0x0, 0xf,
    0xf0, 0x3, 0xff, 0x0, 0xff, 0xc0, 0x3f, 0xf0,
    0xf, 0xfc, 0x3, 0xff, 0x0, 0xff, 0xc0, 0xf,
    0xf0, 0x0, 0xfc, 0x0, 0xf, 0x0, 0x0, 0xc0,
    0x0, 0x0,

    /* U+003F "?" */
    0x1f, 0xe0, 0x7f, 0xfc, 0x3f, 0xff, 0x1f, 0xff,
    0xce, 0xf, 0xf0, 0x1, 0xf8, 0x0, 0xfe, 0x0,
    0x3f, 0x0, 0x1f, 0x80, 0xf, 0xc0, 0x7, 0xe0,
    0x3, 0xf0, 0x3, 0xf8, 0x1, 0xf8, 0x3, 0xfc,
    0x1f, 0xfc, 0xf, 0xfc, 0x7, 0xfc, 0x3, 0xf0,
    0x1, 0xf8, 0x0, 0xfc, 0x0, 0x7e, 0x0, 0x3f,
    0x0, 0x1f, 0x80, 0x0, 0x0, 0x0, 0x0, 0x0,
    0x0, 0x1, 0xf8, 0x0, 0xfc, 0x0, 0x7e, 0x0,
    0x3f, 0x0, 0x1f, 0x80, 0xf, 0xc0, 0x1, 0x0,
    0x0,

    /* U+0040 "@" */
    0x0, 0x0, 0x1f, 0xfc, 0x0, 0x0, 0x1, 0xff,
    0xff, 0x80, 0x0, 0x7, 0xff, 0xff, 0xe0, 0x0,
    0xf, 0xff, 0xff, 0xf0, 0x0, 0x3f, 0xe0, 0xf,
    0xf8, 0x0, 0x7f, 0x0, 0x1, 0xfc, 0x0, 0xfe,
    0x0, 0x0, 0xfe, 0x0, 0xf8, 0x0, 0x0, 0x7e,
    0x1, 0xf0, 0x0, 0x0, 0x3e, 0x3, 0xf0, 0x7f,
    0x1e, 0x3f, 0x3, 0xe0, 0xff, 0xbe, 0x1f, 0x7,
    0xc1, 0xff, 0xfc, 0x1f, 0x7, 0xc3, 0xff, 0xfc,
    0x1f, 0xf, 0x83, 0xe1, 0xfc, 0x1f, 0xf, 0x87,
    0xc0, 0xfc, 0x1f, 0xf, 0x87, 0xc0, 0xfc, 0x1f,
    0xf, 0x8f, 0xc0, 0xf8, 0x1f, 0x1f, 0xf, 0x80,
    0xf8, 0x1f, 0x1f, 0xf, 0x80, 0xf8, 0x3e, 0x1f,
    0xf, 0x80, 0xf8, 0x3e, 0x1f, 0xf, 0x81, 0xf8,
    0x3e, 0x1f, 0xf, 0x83, 0xf8, 0x7c, 0x1f, 0xf,
    0xc7, 0xf8, 0xfc, 0x1f, 0xf, 0xff, 0xff, 0xf8,
    0x1f, 0x7, 0xff, 0x7f, 0xf0, 0x1f, 0x3, 0xfc,
    0x7f, 0xe0, 0x1f, 0x81, 0xf0, 0x1f, 0x80, 0xf,
    0x80, 0x0, 0x0, 0x0, 0xf, 0x80, 0x0, 0x0,
    0x0, 0xf, 0xc0, 0x0, 0x0, 0x0, 0x7, 0xe0,
    0x0, 0x0, 0x0, 0x7, 0xf0, 0x0, 0x0, 0x0,
    0x3, 0xfe, 0x0, 0x78, 0x0, 0x1, 0xff, 0xff,
    0xf8, 0x0, 0x0, 0x7f, 0xff, 0xf8, 0x0, 0x0,
    0x1f, 0xff, 0xf8, 0x0, 0x0, 0x3, 0xff, 0xc0,
    0x0,

    /* U+0041 "A" */
    0x0, 0x3f, 0x80, 0x0, 0x7, 0xfc, 0x0, 0x0,
    0x7f, 0xc0, 0x0, 0xf, 0xfe, 0x0, 0x0, 0xff,
    0xe0, 0x0, 0xf, 0xfe, 0x0, 0x1, 0xff, 0xf0,
    0x0, 0x1f, 0xbf, 0x0, 0x1, 0xf3, 0xf0, 0x0,
    0x3f, 0x3f, 0x80, 0x3, 0xf1, 0xf8, 0x0, 0x3e,
    0x1f, 0x80, 0x7, 0xe1, 0xfc, 0x0, 0x7e, 0xf,
    0xc0, 0x7, 0xc0, 0xfe, 0x0, 0xfc, 0xf, 0xe0,
    0xf, 0xc0, 0x7e, 0x0, 0xf8, 0x7, 0xf0, 0x1f,
    0x80, 0x7f, 0x1, 0xff, 0xff, 0xf0, 0x3f, 0xff,
    0xff, 0x83, 0xff, 0xff, 0xf8, 0x3f, 0xff, 0xff,
    0x87, 0xe0, 0x1, 0xfc, 0x7e, 0x0, 0x1f, 0xc7,
    0xe0, 0x0, 0xfc, 0xfc, 0x0, 0xf, 0xef, 0xc0,
    0x0, 0xfe, 0xfc, 0x0, 0x7, 0xef, 0x80, 0x0,
    0x7e,

    /* U+0042 "B" */
    0xff, 0xfc, 0x3, 0xff, 0xfe, 0xf, 0xff, 0xfc,
    0x3f, 0xff, 0xf8, 0xfc, 0xf, 0xe3, 0xf0, 0x1f,
    0xcf, 0xc0, 0x3f, 0x3f, 0x0, 0xfc, 0xfc, 0x3,
    0xf3, 0xf0, 0xf, 0xcf, 0xc0, 0x7e, 0x3f, 0x3,
    0xf8, 0xff, 0xff, 0xc3, 0xff, 0xfe, 0xf, 0xff,
    0xfe, 0x3f, 0xff, 0xfc, 0xfc, 0x7, 0xfb, 0xf0,
    0x7, 0xef, 0xc0, 0x1f, 0xff, 0x0, 0x3f, 0xfc,
    0x0, 0xff, 0xf0, 0x3, 0xff, 0xc0, 0xf, 0xff,
    0x0, 0x7f, 0xfc, 0x1, 0xfb, 0xf0, 0x1f, 0xef,
    0xff, 0xff, 0x3f, 0xff, 0xf8, 0xff, 0xff, 0x83,
    0xff, 0xf8, 0x0,

    /* U+0043 "C" */
    0x0, 0x0, 0x0, 0x0, 0xff, 0xe0, 0x7, 0xff,
    0xf0, 0x3f, 0xff, 0xe0, 0xff, 0xff, 0xc3, 0xf8,
    0x7, 0x8f, 0xe0, 0x3, 0x1f, 0x80, 0x0, 0x7f,
    0x0, 0x0, 0xfc, 0x0, 0x1, 0xf8, 0x0, 0x7,
    0xe0, 0x0, 0xf, 0xc0, 0x0, 0x1f, 0x80, 0x0,
    0x3f, 0x0, 0x0, 0x7e, 0x0, 0x0, 0xfc, 0x0,
    0x1, 0xf8, 0x0, 0x3, 0xf0, 0x0, 0x7, 0xe0,
    0x0, 0xf, 0xc0, 0x0, 0xf, 0xc0, 0x0, 0x1f,
    0x80, 0x0, 0x3f, 0x0, 0x0, 0x3f, 0x0, 0x0,
    0x7f, 0x0, 0x18, 0x7f, 0x0, 0x70, 0xff, 0xff,
    0xf0, 0xff, 0xff, 0xc0, 0x7f, 0xff, 0x80, 0x3f,
    0xfc, 0x0, 0x6, 0x0,

    /* U+0044 "D" */
    0xff, 0xfe, 0x0, 0x7f, 0xff, 0xe0, 0x3f, 0xff,
    0xfc, 0x1f, 0xff, 0xff, 0xf, 0xc0, 0x7f, 0xc7,
    0xe0, 0xf, 0xf3, 0xf0, 0x3, 0xf9, 0xf8, 0x0,
    0xfe, 0xfc, 0x0, 0x3f, 0x7e, 0x0, 0x1f, 0xbf,
    0x0, 0xf, 0xff, 0x80, 0x3, 0xff, 0xc0, 0x1,
    0xff, 0xe0, 0x0, 0xff, 0xf0, 0x0, 0x7f, 0xf8,
    0x0, 0x3f, 0xfc, 0x0, 0x1f, 0xfe, 0x0, 0xf,
    0xff, 0x0, 0x7, 0xff, 0x80, 0x7, 0xff, 0xc0,
    0x3, 0xf7, 0xe0, 0x1, 0xfb, 0xf0, 0x1, 0xfd,
    0xf8, 0x1, 0xfc, 0xfc, 0x1, 0xfc, 0x7e, 0x3,
    0xfe, 0x3f, 0xff, 0xfe, 0x1f, 0xff, 0xfc, 0xf,
    0xff, 0xfc, 0x7, 0xff, 0xf0, 0x0,

    /* U+0045 "E" */
    0xff, 0xff, 0xff, 0xff, 0xff, 0xff, 0xff, 0xff,
    0xff, 0xfc, 0x0, 0x3f, 0x0, 0xf, 0xc0, 0x3,
    0xf0, 0x0, 0xfc, 0x0, 0x3f, 0x0, 0xf, 0xc0,
    0x3, 0xf0, 0x0, 0xff, 0xff, 0x3f, 0xff, 0xcf,
    0xff, 0xf3, 0xff, 0xfc, 0xfc, 0x0, 0x3f, 0x0,
    0xf, 0xc0, 0x3, 0xf0, 0x0, 0xfc, 0x0, 0x3f,
    0x0, 0xf, 0xc0, 0x3, 0xf0, 0x0, 0xfc, 0x0,
    0x3f, 0x0, 0xf, 0xff, 0xff, 0xff, 0xff, 0xff,
    0xff, 0xff, 0xff, 0xf0,

    /* U+0046 "F" */
    0xff, 0xff, 0xff, 0xff, 0xff, 0xff, 0xff, 0xff,
    0xff, 0xc0, 0x7, 0xe0, 0x3, 0xf0, 0x1, 0xf8,
    0x0, 0xfc, 0x0, 0x7e, 0x0, 0x3f, 0x0, 0x1f,
    0x80, 0xf, 0xc0, 0x7, 0xff, 0xfb, 0xff, 0xfd,
    0xff, 0xfe, 0xff, 0xff, 0x7e, 0x0, 0x3f, 0x0,
    0x1f, 0x80, 0xf, 0xc0, 0x7, 0xe0, 0x3, 0xf0,
    0x1, 0xf8, 0x0, 0xfc, 0x0, 0x7e, 0x0, 0x3f,
    0x0, 0x1f, 0x80, 0xf, 0xc0, 0x7, 0xe0, 0x0,

    /* U+0047 "G" */
    0x0, 0x0, 0x0, 0x0, 0xf, 0xff, 0x80, 0x1f,
    0xff, 0xf8, 0xf, 0xff, 0xff, 0x7, 0xff, 0xff,
    0xc3, 0xf8, 0x1, 0xf1, 0xfc, 0x0, 0x1c, 0xfe,
    0x0, 0x0, 0x3f, 0x0, 0x0, 0x1f, 0x80, 0x0,
    0x7, 0xe0, 0x0, 0x1, 0xf8, 0x0, 0x0, 0xfc,
    0x0, 0x0, 0x3f, 0x0, 0x0, 0xf, 0xc0, 0x7f,
    0xff, 0xf0, 0x1f, 0xff, 0xfc, 0x7, 0xff, 0xff,
    0x1, 0xff, 0xff, 0xc0, 0x0, 0xff, 0xf0, 0x0,
    0x3f, 0xfe, 0x0, 0xf, 0xdf, 0x80, 0x3, 0xf7,
    0xe0, 0x0, 0xfd, 0xfc, 0x0, 0x3f, 0x3f, 0x80,
    0xf, 0xcf, 0xf0, 0x3, 0xf1, 0xfe, 0x0, 0xfc,
    0x3f, 0xff, 0xff, 0x7, 0xff, 0xff, 0xc0, 0x7f,
    0xff, 0xe0, 0x7, 0xff, 0xe0, 0x0, 0x6, 0x0,

    /* U+0048 "H" */
    0xfc, 0x0, 0x3f, 0xfc, 0x0, 0x3f, 0xfc, 0x0,
    0x3f, 0xfc, 0x0, 0x3f, 0xfc, 0x0, 0x3f, 0xfc,
    0x0, 0x3f, 0xfc, 0x0, 0x3f, 0xfc, 0x0, 0x3f,
    0xfc, 0x0, 0x3f, 0xfc, 0x0, 0x3f, 0xfc, 0x0,
    0x3f, 0xfc, 0x0, 0x3f, 0xff, 0xff, 0xff, 0xff,
    0xff, 0xff, 0xff, 0xff, 0xff, 0xff, 0xff, 0xff,
    0xfc, 0x0, 0x3f, 0xfc, 0x0, 0x3f, 0xfc, 0x0,
    0x3f, 0xfc, 0x0, 0x3f, 0xfc, 0x0, 0x3f, 0xfc,
    0x0, 0x3f, 0xfc, 0x0, 0x3f, 0xfc, 0x0, 0x3f,
    0xfc, 0x0, 0x3f, 0xfc, 0x0, 0x3f, 0xfc, 0x0,
    0x3f, 0xfc, 0x0, 0x3f, 0xfc, 0x0, 0x3f, 0xfc,
    0x0, 0x3f,

    /* U+0049 "I" */
    0xff, 0xff, 0xff, 0xff, 0xff, 0xff, 0xff, 0xff,
    0xff, 0xff, 0xff, 0xff, 0xff, 0xff, 0xff, 0xff,
    0xff, 0xff, 0xff, 0xff, 0xff, 0xff, 0xf0,

    /* U+004A "J" */
    0x1, 0xf8, 0xf, 0xc0, 0x7e, 0x3, 0xf0, 0x1f,
    0x80, 0xfc, 0x7, 0xe0, 0x3f, 0x1, 0xf8, 0xf,
    0xc0, 0x7e, 0x3, 0xf0, 0x1f, 0x80, 0xfc, 0x7,
    0xe0, 0x3f, 0x1, 0xf8, 0xf, 0xc0, 0x7e, 0x3,
    0xf0, 0x1f, 0x80, 0xfc, 0x7, 0xe0, 0x3f, 0x1,
    0xf8, 0x1f, 0xff, 0xfd, 0xff, 0xef, 0xfe, 0x3f,
    0xe0, 0x30, 0x0,

    /* U+004B "K" */
    0xfc, 0x1, 0xfb, 0xf0, 0x7, 0xef, 0xc0, 0x3f,
    0xbf, 0x1, 0xfc, 0xfc, 0xf, 0xe3, 0xf0, 0x3f,
    0x8f, 0xc1, 0xfc, 0x3f, 0xf, 0xe0, 0xfc, 0x3f,
    0x3, 0xf1, 0xfc, 0xf, 0xcf, 0xe0, 0x3f, 0x7f,
    0x0, 0xfd, 0xf8, 0x3, 0xff, 0xc0, 0xf, 0xff,
    0x80, 0x3f, 0xfe, 0x0, 0xfd, 0xfc, 0x3, 0xf3,
    0xf8, 0xf, 0xcf, 0xe0, 0x3f, 0x1f, 0xc0, 0xfc,
    0x3f, 0x83, 0xf0, 0xfe, 0xf, 0xc1, 0xfc, 0x3f,
    0x3, 0xf8, 0xfc, 0xf, 0xe3, 0xf0, 0x1f, 0xcf,
    0xc0, 0x3f, 0xbf, 0x0, 0xfe, 0xfc, 0x1, 0xff,
    0xf0, 0x3, 0xf0,

    /* U+004C "L" */
    0xfc, 0x0, 0x7e, 0x0, 0x3f, 0x0, 0x1f, 0x80,
    0xf, 0xc0, 0x7, 0xe0, 0x3, 0xf0, 0x1, 0xf8,
    0x0, 0xfc, 0x0, 0x7e, 0x0, 0x3f, 0x0, 0x1f,
    0x80, 0xf, 0xc0, 0x7, 0xe0, 0x3, 0xf0, 0x1,
    0xf8, 0x0, 0xfc, 0x0, 0x7e, 0x0, 0x3f, 0x0,
    0x1f, 0x80, 0xf, 0xc0, 0x7, 0xe0, 0x3, 0xf0,
    0x1, 0xf8, 0x0, 0xfc, 0x0, 0x7e, 0x0, 0x3f,
    0xff, 0xdf, 0xff, 0xef, 0xff, 0xf7, 0xff, 0xf8,

    /* U+004D "M" */
    0x7f, 0x80, 0x0, 0x3f, 0xdf, 0xf8, 0x0, 0xf,
    0xff, 0xff, 0x80, 0x1, 0xff, 0xff, 0xf0, 0x0,
    0x7f, 0xff, 0xfe, 0x0, 0xf, 0xff, 0xff, 0xe0,
    0x1, 0xff, 0xff, 0x7c, 0x0, 0x7d, 0xff, 0xef,
    0x80, 0xf, 0xbf, 0xfd, 0xf8, 0x3, 0xf7, 0xff,
    0x9f, 0x0, 0x7c, 0xff, 0xf3, 0xf0, 0xf, 0x9f,
    0xfe, 0x7e, 0x3, 0xf3, 0xff, 0xc7, 0xc0, 0x7c,
    0x7f, 0xf8, 0xfc, 0xf, 0x8f, 0xff, 0x1f, 0x83,
    0xf1, 0xff, 0xe1, 0xf0, 0x7c, 0x3f, 0xfc, 0x3f,
    0x1f, 0x87, 0xff, 0x87, 0xe3, 0xe0, 0xff, 0xf0,
    0x7e, 0x7c, 0x1f, 0xfe, 0xf, 0xdf, 0x83, 0xff,
    0xc1, 0xfb, 0xe0, 0x7f, 0xf8, 0x1f, 0xfc, 0xf,
    0xff, 0x3, 0xff, 0x81, 0xff, 0xe0, 0x7f, 0xe0,
    0x3f, 0xfc, 0x7, 0xfc, 0x7, 0xff, 0x80, 0xff,
    0x80, 0xff, 0xf0, 0x1f, 0xe0, 0x1f, 0xfe, 0x1,
    0xfc, 0x3, 0xff, 0xc0, 0x3f, 0x80, 0x7f, 0xf8,
    0x3, 0xe0, 0xf, 0xc0,

    /* U+004E "N" */
    0x7f, 0x0, 0x1f, 0xff, 0xc0, 0xf, 0xff, 0xe0,
    0x7, 0xff, 0xf8, 0x3, 0xff, 0xfc, 0x1, 0xff,
    0xff, 0x0, 0xff, 0xff, 0x80, 0x7f, 0xff, 0xe0,
    0x3f, 0xfd, 0xf0, 0x1f, 0xfe, 0xfc, 0xf, 0xff,
    0x3e, 0x7, 0xff, 0x9f, 0x83, 0xff, 0xc7, 0xe1,
    0xff, 0xe3, 0xf0, 0xff, 0xf0, 0xfc, 0x7f, 0xf8,
    0x7e, 0x3f, 0xfc, 0x1f, 0x9f, 0xfe, 0xf, 0xcf,
    0xff, 0x3, 0xf7, 0xff, 0x81, 0xfb, 0xff, 0xc0,
    0x7d, 0xff, 0xe0, 0x3f, 0xff, 0xf0, 0xf, 0xff,
    0xf8, 0x7, 0xff, 0xfc, 0x1, 0xff, 0xfe, 0x0,
    0xff, 0xff, 0x0, 0x3f, 0xff, 0x80, 0x1f, 0xff,
    0xc0, 0x7, 0xff, 0xe0, 0x1, 0xf8,

    /* U+004F "O" */
    0x0, 0x2, 0x0, 0x0, 0xf, 0xff, 0x0, 0x3,
    0xff, 0xfe, 0x0, 0x7f, 0xff, 0xf0, 0xf, 0xff,
    0xff, 0x81, 0xfc, 0x3, 0xfc, 0x3f, 0x80, 0x1f,
    0xc3, 0xf0, 0x0, 0xfe, 0x7e, 0x0, 0x7, 0xe7,
    0xe0, 0x0, 0x7e, 0x7e, 0x0, 0x7, 0xff, 0xc0,
    0x0, 0x3f, 0xfc, 0x0, 0x3, 0xff, 0xc0, 0x0,
    0x3f, 0xfc, 0x0, 0x3, 0xff, 0xc0, 0x0, 0x3f,
    0xfc, 0x0, 0x3, 0xff, 0xc0, 0x0, 0x3f, 0xfc,
    0x0, 0x3, 0xff, 0xc0, 0x0, 0x3f, 0xfc, 0x0,
    0x3, 0xff, 0xe0, 0x0, 0x7e, 0x7e, 0x0, 0x7,
    0xe7, 0xe0, 0x0, 0x7e, 0x7f, 0x0, 0xf, 0xc3,
    0xf0, 0x1, 0xfc, 0x3f, 0xc0, 0x3f, 0x81, 0xff,
    0xff, 0xf0, 0xf, 0xff, 0xfe, 0x0, 0x7f, 0xff,
    0xc0, 0x1, 0xff, 0xf0, 0x0, 0x0, 0xc0, 0x0,

    /* U+0050 "P" */
    0x7f, 0xfc, 0x7, 0xff, 0xfc, 0x3f, 0xff, 0xf1,
    0xff, 0xff, 0xcf, 0xc0, 0xff, 0x7e, 0x1, 0xfb,
    0xf0, 0xf, 0xff, 0x80, 0x3f, 0xfc, 0x1, 0xff,
    0xe0, 0xf, 0xff, 0x0, 0x7f, 0xf8, 0x3, 0xff,
    0xc0, 0x3f, 0x7e, 0x3, 0xfb, 0xf0, 0x3f, 0x9f,
    0xff, 0xfc, 0xff, 0xff, 0xc7, 0xff, 0xf8, 0x3f,
    0xfe, 0x1, 0xf8, 0x0, 0xf, 0xc0, 0x0, 0x7e,
    0x0, 0x3, 0xf0, 0x0, 0x1f, 0x80, 0x0, 0xfc,
    0x0, 0x7, 0xe0, 0x0, 0x3f, 0x0, 0x1, 0xf8,
    0x0, 0xf, 0xc0, 0x0, 0x7e, 0x0, 0x0,

    /* U+0051 "Q" */
    0x0, 0x2, 0x0, 0x0, 0x0, 0xff, 0xf0, 0x0,
    0x3, 0xff, 0xfc, 0x0, 0x7, 0xff, 0xff, 0x0,
    0xf, 0xff, 0xff, 0x80, 0x1f, 0xc0, 0x3f, 0x80,
    0x3f, 0x80, 0x1f, 0xc0, 0x3f, 0x0, 0xf, 0xc0,
    0x7e, 0x0, 0x7, 0xe0, 0x7e, 0x0, 0x7, 0xe0,
    0x7e, 0x0, 0x7, 0xe0, 0xfc, 0x0, 0x3, 0xf0,
    0xfc, 0x0, 0x3, 0xf0, 0xfc, 0x0, 0x3, 0xf0,
    0xfc, 0x0, 0x3, 0xf0, 0xfc, 0x0, 0x3, 0xf0,
    0xfc, 0x0, 0x3, 0xf0, 0xfc, 0x0, 0x3, 0xf0,
    0xfc, 0x0, 0x3, 0xf0, 0xfc, 0x0, 0x3, 0xf0,
    0xfc, 0x0, 0x3, 0xf0, 0xfe, 0x0, 0x7, 0xe0,
    0x7e, 0x0, 0x7, 0xe0, 0x7e, 0x0, 0x7, 0xe0,
    0x7f, 0x0, 0xf, 0xe0, 0x3f, 0x0, 0x1f, 0xc0,
    0x3f, 0xc0, 0x3f, 0xc0, 0x1f, 0xff, 0xff, 0x80,
    0xf, 0xff, 0xff, 0x0, 0x7, 0xff, 0xff, 0xc0,
    0x0, 0xff, 0xff, 0xf0, 0x0, 0x6, 0x7, 0xfc,
    0x0, 0x0, 0x3, 0xfe, 0x0, 0x0, 0x0, 0xfe,
    0x0, 0x0, 0x0, 0x7e, 0x0, 0x0, 0x0, 0x1e,
    0x0, 0x0, 0x0, 0x2,

    /* U+0052 "R" */
    0xff, 0xfe, 0x1, 0xff, 0xff, 0x83, 0xff, 0xff,
    0x87, 0xff, 0xff, 0x8f, 0xc0, 0x7f, 0x1f, 0x80,
    0x7f, 0x3f, 0x0, 0x7e, 0x7e, 0x0, 0xfc, 0xfc,
    0x1, 0xf9, 0xf8, 0x3, 0xf3, 0xf0, 0x7, 0xe7,
    0xe0, 0x1f, 0x8f, 0xc0, 0xff, 0x1f, 0xff, 0xfc,
    0x3f, 0xff, 0xf0, 0x7f, 0xff, 0x80, 0xff, 0xff,
    0x81, 0xf8, 0x7f, 0x83, 0xf0, 0x3f, 0x87, 0xe0,
    0x7f, 0xf, 0xc0, 0x7f, 0x1f, 0x80, 0xfe, 0x3f,
    0x0, 0xfc, 0x7e, 0x1, 0xfc, 0xfc, 0x3, 0xf9,
    0xf8, 0x3, 0xfb, 0xf0, 0x7, 0xf7, 0xe0, 0x7,
    0xef, 0xc0, 0xf, 0xff, 0x80, 0xf, 0xc0,

    /* U+0053 "S" */
    0x0, 0x0, 0x0, 0x3f, 0xf8, 0xf, 0xff, 0xc1,
    0xff, 0xfc, 0x3f, 0xff, 0xc3, 0xf0, 0x1c, 0x7e,
    0x0, 0x47, 0xe0, 0x0, 0x7e, 0x0, 0x7, 0xe0,
    0x0, 0x7f, 0x0, 0x7, 0xfc, 0x0, 0x7f, 0xf0,
    0x3, 0xff, 0xc0, 0x1f, 0xff, 0x1, 0xff, 0xf8,
    0xf, 0xff, 0xc0, 0x3f, 0xfe, 0x0, 0xff, 0xe0,
    0x3, 0xff, 0x0, 0xf, 0xf0, 0x0, 0x7f, 0x0,
    0x3, 0xf0, 0x0, 0x3f, 0x0, 0x3, 0xf6, 0x0,
    0x7e, 0xf8, 0x7, 0xef, 0xff, 0xfc, 0x7f, 0xff,
    0x87, 0xff, 0xf0, 0x1f, 0xfc, 0x0, 0xc, 0x0,

    /* U+0054 "T" */
    0xff, 0xff, 0xff, 0xff, 0xff, 0xff, 0xff, 0xff,
    0xff, 0xff, 0xff, 0xf0, 0x7, 0xe0, 0x0, 0xf,
    0xc0, 0x0, 0x1f, 0x80, 0x0, 0x3f, 0x0, 0x0,
    0x7e, 0x0, 0x0, 0xfc, 0x0, 0x1, 0xf8, 0x0,
    0x3, 0xf0, 0x0, 0x7, 0xe0, 0x0, 0xf, 0xc0,
    0x0, 0x1f, 0x80, 0x0, 0x3f, 0x0, 0x0, 0x7e,
    0x0, 0x0, 0xfc, 0x0, 0x1, 0xf8, 0x0, 0x3,
    0xf0, 0x0, 0x7, 0xe0, 0x0, 0xf, 0xc0, 0x0,
    0x1f, 0x80, 0x0, 0x3f, 0x0, 0x0, 0x7e, 0x0,
    0x0, 0xfc, 0x0, 0x1, 0xf8, 0x0, 0x3, 0xf0,
    0x0, 0x7, 0xe0, 0x0, 0xf, 0xc0, 0x0,

    /* U+0055 "U" */
    0xfc, 0x0, 0x1f, 0xfe, 0x0, 0xf, 0xff, 0x0,
    0x7, 0xff, 0x80, 0x3, 0xff, 0xc0, 0x1, 0xff,
    0xe0, 0x0, 0xff, 0xf0, 0x0, 0x7f, 0xf8, 0x0,
    0x3f, 0xfc, 0x0, 0x1f, 0xfe, 0x0, 0xf, 0xff,
    0x0, 0x7, 0xff, 0x80, 0x3, 0xff, 0xc0, 0x1,
    0xff, 0xe0, 0x0, 0xff, 0xf0, 0x0, 0x7f, 0xf8,
    0x0, 0x3f, 0xfc, 0x0, 0x1f, 0xfe, 0x0, 0xf,
    0xff, 0x0, 0x7, 0xff, 0x80, 0x3, 0xff, 0xc0,
    0x1, 0xff, 0xe0, 0x0, 0xff, 0xf0, 0x0, 0x7e,
    0xfc, 0x0, 0x7e, 0x7f, 0x0, 0x7f, 0x3f, 0xc0,
    0x7f, 0xf, 0xff, 0xff, 0x83, 0xff, 0xff, 0x80,
    0xff, 0xff, 0x0, 0x1f, 0xfe, 0x0, 0x0, 0x60,
    0x0,

    /* U+0056 "V" */
    0xfc, 0x0, 0x7, 0xff, 0x80, 0x0, 0xff, 0xf8,
    0x0, 0x3f, 0x7f, 0x0, 0x7, 0xe7, 0xe0, 0x0,
    0xfc, 0xfe, 0x0, 0x3f, 0x1f, 0xc0, 0x7, 0xe1,
    0xf8, 0x0, 0xfc, 0x3f, 0x0, 0x3f, 0x7, 0xf0,
    0x7, 0xe0, 0x7e, 0x0, 0xfc, 0xf, 0xc0, 0x3f,
    0x1, 0xfc, 0x7, 0xe0, 0x1f, 0x80, 0xfc, 0x3,
    0xf0, 0x1f, 0x0, 0x7f, 0x7, 0xe0, 0x7, 0xe0,
    0xfc, 0x0, 0xfc, 0x1f, 0x0, 0x1f, 0xc7, 0xe0,
    0x1, 0xf8, 0xfc, 0x0, 0x3f, 0x1f, 0x0, 0x7,
    0xf7, 0xe0, 0x0, 0x7e, 0xfc, 0x0, 0xf, 0xdf,
    0x0, 0x1, 0xff, 0xe0, 0x0, 0x1f, 0xfc, 0x0,
    0x3, 0xff, 0x0, 0x0, 0x3f, 0xe0, 0x0, 0x7,
    0xfc, 0x0, 0x0, 0xff, 0x0, 0x0,

    /* U+0057 "W" */
    0xfc, 0x0, 0x3f, 0x0, 0x1f, 0xfe, 0x0, 0x3f,
    0x80, 0xf, 0xff, 0x80, 0x1f, 0xc0, 0x7, 0xff,
    0xc0, 0xf, 0xf0, 0x3, 0xf7, 0xe0, 0xf, 0xf8,
    0x3, 0xf3, 0xf0, 0x7, 0xfc, 0x1, 0xf9, 0xfc,
    0x3, 0xfe, 0x0, 0xfc, 0x7e, 0x1, 0xff, 0x80,
    0x7c, 0x3f, 0x1, 0xff, 0xc0, 0x7e, 0x1f, 0x80,
    0xff, 0xe0, 0x3f, 0xf, 0xe0, 0x7d, 0xf0, 0x1f,
    0x83, 0xf0, 0x3e, 0xfc, 0xf, 0x81, 0xf8, 0x3f,
    0x7e, 0xf, 0xc0, 0xfc, 0x1f, 0x3f, 0x7, 0xe0,
    0x7e, 0xf, 0x8f, 0x83, 0xf0, 0x1f, 0x87, 0xc7,
    0xe1, 0xf0, 0xf, 0xc7, 0xe3, 0xf0, 0xf8, 0x7,
    0xe3, 0xe1, 0xf8, 0xfc, 0x3, 0xf1, 0xf0, 0x7c,
    0x7e, 0x0, 0xfc, 0xf8, 0x3f, 0x3e, 0x0, 0x7e,
    0x7c, 0x1f, 0x9f, 0x0, 0x3f, 0x7c, 0xf, 0xdf,
    0x80, 0x1f, 0xbe, 0x3, 0xef, 0x80, 0x7, 0xff,
    0x1, 0xff, 0xc0, 0x3, 0xff, 0x80, 0xff, 0xe0,
    0x1, 0xff, 0x80, 0x7f, 0xf0, 0x0, 0x7f, 0xc0,
    0x1f, 0xf0, 0x0, 0x3f, 0xe0, 0xf, 0xf8, 0x0,
    0x1f, 0xf0, 0x7, 0xfc, 0x0, 0x7, 0xf0, 0x1,
    0xfc, 0x0,

    /* U+0058 "X" */
    0xfe, 0x0, 0x3f, 0x3f, 0x80, 0x3f, 0x9f, 0xc0,
    0x1f, 0x87, 0xf0, 0x1f, 0xc3, 0xf8, 0xf, 0xc0,
    0xfe, 0xf, 0xe0, 0x7f, 0x7, 0xe0, 0x1f, 0xc7,
    0xf0, 0xf, 0xe3, 0xf0, 0x3, 0xfb, 0xf8, 0x1,
    0xfd, 0xf8, 0x0, 0x7f, 0xf8, 0x0, 0x1f, 0xfc,
    0x0, 0xf, 0xfc, 0x0, 0x3, 0xfe, 0x0, 0x3,
    0xff, 0x0, 0x1, 0xff, 0xc0, 0x1, 0xff, 0xe0,
    0x0, 0xff, 0xf8, 0x0, 0xfc, 0xfc, 0x0, 0xfe,
    0x7f, 0x0, 0x7e, 0x1f, 0xc0, 0x7f, 0xf, 0xe0,
    0x3f, 0x3, 0xf8, 0x3f, 0x81, 0xfc, 0x1f, 0x80,
    0x7f, 0x1f, 0xc0, 0x3f, 0x8f, 0xc0, 0xf, 0xef,
    0xe0, 0x7, 0xf7, 0xe0, 0x1, 0xf8,

    /* U+0059 "Y" */
    0xfe, 0x0, 0x3f, 0xfe, 0x0, 0x7f, 0x7f, 0x0,
    0x7e, 0x7f, 0x0, 0xfe, 0x3f, 0x0, 0xfc, 0x3f,
    0x81, 0xfc, 0x1f, 0x81, 0xf8, 0x1f, 0xc3, 0xf8,
    0xf, 0xc3, 0xf0, 0xf, 0xe3, 0xf0, 0x7, 0xe7,
    0xe0, 0x7, 0xf7, 0xe0, 0x3, 0xff, 0xc0, 0x3,
    0xff, 0xc0, 0x1, 0xff, 0x80, 0x1, 0xff, 0x80,
    0x0, 0xff, 0x0, 0x0, 0xff, 0x0, 0x0, 0x7e,
    0x0, 0x0, 0x7e, 0x0, 0x0, 0x7e, 0x0, 0x0,
    0x7e, 0x0, 0x0, 0x7e, 0x0, 0x0, 0x7e, 0x0,
    0x0, 0x7e, 0x0, 0x0, 0x7e, 0x0, 0x0, 0x7e,
    0x0, 0x0, 0x7e, 0x0, 0x0, 0x7e, 0x0, 0x0,
    0x7e, 0x0,

    /* U+005A "Z" */
    0xff, 0xff, 0xf7, 0xff, 0xff, 0xbf, 0xff, 0xfd,
    0xff, 0xff, 0xe0, 0x0, 0x7f, 0x0, 0x7, 0xf8,
    0x0, 0x7f, 0x80, 0x3, 0xf8, 0x0, 0x3f, 0xc0,
    0x1, 0xfc, 0x0, 0x1f, 0xe0, 0x1, 0xfe, 0x0,
    0xf, 0xe0, 0x0, 0xff, 0x0, 0x7, 0xf0, 0x0,
    0x7f, 0x0, 0x7, 0xf8, 0x0, 0x3f, 0x80, 0x3,
    0xfc, 0x0, 0x3f, 0xc0, 0x1, 0xfc, 0x0, 0x1f,
    0xe0, 0x0, 0xfe, 0x0, 0xf, 0xe0, 0x0, 0x7f,
    0x0, 0x7, 0xf0, 0x0, 0x3f, 0xff, 0xff, 0xff,
    0xff, 0xff, 0xff, 0xff, 0xbf, 0xff, 0xfc,

    /* U+005B "[" */
    0xff, 0xff, 0xff, 0xff, 0xff, 0xfc, 0x3f, 0xf,
    0xc3, 0xf0, 0xfc, 0x3f, 0xf, 0xc3, 0xf0, 0xfc,
    0x3f, 0xf, 0xc3, 0xf0, 0xfc, 0x3f, 0xf, 0xc3,
    0xf0, 0xfc, 0x3f, 0xf, 0xc3, 0xf0, 0xfc, 0x3f,
    0xf, 0xc3, 0xf0, 0xfc, 0x3f, 0xf, 0xc3, 0xf0,
    0xfc, 0x3f, 0xf, 0xc3, 0xf0, 0xfc, 0x3f, 0xff,
    0xff, 0xff, 0x7f, 0xc0,

    /* U+005C "\\" */
    0x0, 0x0, 0xf, 0xc0, 0x0, 0xfc, 0x0, 0x7,
    0xe0, 0x0, 0x7e, 0x0, 0x7, 0xe0, 0x0, 0x3f,
    0x0, 0x3, 0xf0, 0x0, 0x3f, 0x0, 0x1, 0xf8,
    0x0, 0x1f, 0x80, 0x0, 0xfc, 0x0, 0xf, 0xc0,
    0x0, 0xfc, 0x0, 0x7, 0xe0, 0x0, 0x7e, 0x0,
    0x7, 0xe0, 0x0, 0x3f, 0x0, 0x3, 0xf0, 0x0,
    0x3f, 0x0, 0x1, 0xf8, 0x0, 0x1f, 0x80, 0x1,
    0xf8, 0x0, 0xf, 0xc0, 0x0, 0xfc, 0x0, 0x7,
    0xe0, 0x0, 0x7e, 0x0, 0x7, 0xe0, 0x0, 0x3f,
    0x0, 0x3, 0xf0, 0x0, 0x3f, 0x0, 0x1, 0xf8,
    0x0, 0x1f, 0x80, 0x1, 0xf8, 0x0, 0xf, 0xc0,
    0x0, 0xfc, 0x0, 0xf, 0xc0, 0x0, 0x7e, 0x0,
    0x7, 0xe0, 0x0, 0x3f, 0x0, 0x3, 0xf0, 0x0,
    0x3f,

    /* U+005D "]" */
    0x7f, 0xdf, 0xff, 0xff, 0xbf, 0xf0, 0x7e, 0xf,
    0xc1, 0xf8, 0x3f, 0x7, 0xe0, 0xfc, 0x1f, 0x83,
    0xf0, 0x7e, 0xf, 0xc1, 0xf8, 0x3f, 0x7, 0xe0,
    0xfc, 0x1f, 0x83, 0xf0, 0x7e, 0xf, 0xc1, 0xf8,
    0x3f, 0x7, 0xe0, 0xfc, 0x1f, 0x83, 0xf0, 0x7e,
    0xf, 0xc1, 0xf8, 0x3f, 0x7, 0xe0, 0xfc, 0x1f,
    0x83, 0xf0, 0x7e, 0xff, 0xff, 0xff, 0xff, 0x7f,
    0xc0,

    /* U+005E "^" */
    0x0, 0x0, 0x0, 0x7, 0xf8, 0x0, 0x1f, 0xe0,
    0x0, 0xff, 0xc0, 0x3, 0xff, 0x0, 0x1f, 0xfe,
    0x0, 0x7d, 0xf8, 0x3, 0xf3, 0xe0, 0xf, 0x8f,
    0xc0, 0x7e, 0x1f, 0x1, 0xf8, 0x7e, 0x7, 0xc1,
    0xf8, 0x3f, 0x3, 0xf0, 0xfc, 0xf, 0xc7, 0xe0,
    0x1f, 0x9f, 0x80, 0x7e, 0xfc, 0x1, 0xfb, 0xf0,
    0x3, 0xff, 0x80, 0xf, 0xc0,

    /* U+005F "_" */
    0xff, 0xff, 0xff, 0xff, 0xff, 0xff, 0xff, 0xff,
    0xff, 0xff, 0xff, 0xff,

    /* U+0060 "`" */
    0x4, 0x1, 0xf0, 0x1f, 0x80, 0xfc, 0x7, 0xc0,
    0x3e, 0x1, 0xf0, 0x1f, 0x0, 0x0, 0x0, 0x0,
    0x0,

    /* U+0061 "a" */
    0x0, 0x0, 0x1, 0xff, 0xc0, 0xff, 0xfe, 0x3f,
    0xff, 0xe7, 0xff, 0xfc, 0xf0, 0x1f, 0xc8, 0x1,
    0xf8, 0x0, 0x3f, 0x0, 0x7, 0xe0, 0x0, 0xfc,
    0xf, 0xff, 0x8f, 0xff, 0xf3, 0xff, 0xfe, 0xfe,
    0xf, 0xff, 0x81, 0xff, 0xe0, 0x3f, 0xfc, 0x7,
    0xff, 0x81, 0xff, 0xf8, 0x7f, 0xff, 0xff, 0xf7,
    0xff, 0xfe, 0x7f, 0xf7, 0xc7, 0xfc, 0xf8, 0x8,
    0x0,

    /* U+0062 "b" */
    0xfc, 0x0, 0x7, 0xe0, 0x0, 0x3f, 0x0, 0x1,
    0xf8, 0x0, 0xf, 0xc0, 0x0, 0x7e, 0x0, 0x3,
    0xf0, 0x0, 0x1f, 0x80, 0x0, 0xfc, 0x0, 0x7,
    0xe0, 0x0, 0x3f, 0x0, 0x1, 0xf9, 0xff, 0xf,
    0xff, 0xfc, 0x7f, 0xff, 0xf3, 0xff, 0xff, 0x9f,
    0xe0, 0xfe, 0xfe, 0x3, 0xf7, 0xf0, 0x1f, 0xff,
    0x0, 0x7f, 0xf8, 0x3, 0xff, 0xc0, 0x1f, 0xfe,
    0x0, 0xff, 0xf0, 0x7, 0xff, 0x80, 0x3f, 0xfc,
    0x1, 0xff, 0xe0, 0xf, 0xff, 0x0, 0xfd, 0xfc,
    0x7, 0xef, 0xf0, 0x7f, 0x7f, 0xff, 0xf3, 0xff,
    0xff, 0x9f, 0x7f, 0xf8, 0xf8, 0xff, 0x0, 0x0,
    0xc0, 0x0,

    /* U+0063 "c" */
    0x0, 0x0, 0x1, 0xff, 0x3, 0xff, 0xe3, 0xff,
    0xf3, 0xff, 0xfb, 0xf8, 0x1d, 0xf8, 0x6, 0xfc,
    0x0, 0xfc, 0x0, 0x7e, 0x0, 0x3f, 0x0, 0x1f,
    0x80, 0xf, 0xc0, 0x7, 0xe0, 0x3, 0xf0, 0x1,
    0xf8, 0x0, 0xfe, 0x0, 0x3f, 0x0, 0xdf, 0xc0,
    0xe7, 0xff, 0xf3, 0xff, 0xf8, 0xff, 0xfc, 0x1f,
    0xf8, 0x0, 0x80,

    /* U+0064 "d" */
    0x0, 0x1, 0xf8, 0x0, 0xf, 0xc0, 0x0, 0x7e,
    0x0, 0x3, 0xf0, 0x0, 0x1f, 0x80, 0x0, 0xfc,
    0x0, 0x7, 0xe0, 0x0, 0x3f, 0x0, 0x1, 0xf8,
    0x0, 0xf, 0xc0, 0x0, 0x7e, 0xf, 0xf3, 0xf1,
    0xff, 0xff, 0x9f, 0xff, 0xfc, 0xff, 0xff, 0xef,
    0xe0, 0xff, 0x7e, 0x3, 0xfb, 0xf0, 0xf, 0xff,
    0x0, 0x7f, 0xf8, 0x3, 0xff, 0xc0, 0x1f, 0xfe,
    0x0, 0xff, 0xf0, 0x7, 0xff, 0x80, 0x3f, 0xfc,
    0x1, 0xff, 0xe0, 0xf, 0xff, 0x80, 0xfe, 0xfc,
    0x7, 0xf7, 0xf0, 0x7f, 0x9f, 0xff, 0xfc, 0xff,
    0xff, 0xe3, 0xff, 0xdf, 0xf, 0xf8, 0xf8, 0x4,
    0x0, 0x0,

    /* U+0065 "e" */
    0x0, 0x0, 0x0, 0x1f, 0xf8, 0x3, 0xff, 0xf0,
    0x3f, 0xff, 0xc3, 0xff, 0xff, 0x1f, 0x81, 0xf9,
    0xf8, 0xf, 0xcf, 0x80, 0x3f, 0xfc, 0x1, 0xff,
    0xff, 0xff, 0xff, 0xff, 0xff, 0xff, 0xff, 0xff,
    0xff, 0xff, 0xfe, 0x0, 0x3, 0xf0, 0x0, 0x1f,
    0x80, 0x0, 0xfe, 0x0, 0x3, 0xf0, 0x0, 0x1f,
    0xc0, 0x1c, 0x7f, 0xff, 0xe1, 0xff, 0xff, 0x7,
    0xff, 0xf8, 0x1f, 0xff, 0x0, 0x6, 0x0,

    /* U+0066 "f" */
    0x1, 0xfc, 0x7, 0xfc, 0x1f, 0xf8, 0x7f, 0xf0,
    0xfc, 0x23, 0xf0, 0x7, 0xe0, 0xf, 0xc0, 0x1f,
    0x80, 0x3f, 0x0, 0x7e, 0x7, 0xff, 0xef, 0xff,
    0xdf, 0xff, 0xbf, 0xff, 0xf, 0xc0, 0x1f, 0x80,
    0x3f, 0x0, 0x7e, 0x0, 0xfc, 0x1, 0xf8, 0x3,
    0xf0, 0x7, 0xe0, 0xf, 0xc0, 0x1f, 0x80, 0x3f,
    0x0, 0x7e, 0x0, 0xfc, 0x1, 0xf8, 0x3, 0xf0,
    0x7, 0xe0, 0xf, 0xc0, 0x1f, 0x80,

    /* U+0067 "g" */
    0x0, 0x0, 0x0, 0x3f, 0xff, 0xc7, 0xff, 0xfe,
    0x7f, 0xff, 0xf3, 0xff, 0xff, 0xbf, 0x3, 0xe1,
    0xf0, 0xf, 0x8f, 0x80, 0x7c, 0x7c, 0x3, 0xe3,
    0xe0, 0x3f, 0xf, 0xc3, 0xf0, 0x7f, 0xff, 0x81,
    0xff, 0xf8, 0x1f, 0xff, 0x81, 0xf7, 0xf0, 0xf,
    0x80, 0x0, 0x7c, 0x0, 0x3, 0xff, 0xfc, 0xf,
    0xff, 0xf8, 0x3f, 0xff, 0xe3, 0xff, 0xff, 0x3f,
    0x1, 0xfd, 0xf0, 0x7, 0xff, 0x80, 0x3f, 0xfc,
    0x1, 0xff, 0xe0, 0x1f, 0xff, 0xc1, 0xfc, 0xff,
    0xff, 0xe7, 0xff, 0xfe, 0xf, 0xff, 0xc0, 0x1f,
    0xf0, 0x0,

    /* U+0068 "h" */
    0xfc, 0x0, 0xf, 0xc0, 0x0, 0xfc, 0x0, 0xf,
    0xc0, 0x0, 0xfc, 0x0, 0xf, 0xc0, 0x0, 0xfc,
    0x0, 0xf, 0xc0, 0x0, 0xfc, 0x0, 0xf, 0xc0,
    0x0, 0xfc, 0x8, 0xf, 0xcf, 0xf8, 0xff, 0xff,
    0xcf, 0xff, 0xfe, 0xff, 0xff, 0xef, 0xf0, 0x7f,
    0xfe, 0x7, 0xff, 0xc0, 0x3f, 0xfc, 0x3, 0xff,
    0xc0, 0x3f, 0xfc, 0x3, 0xff, 0xc0, 0x3f, 0xfc,
    0x3, 0xff, 0xc0, 0x3f, 0xfc, 0x3, 0xff, 0xc0,
    0x3f, 0xfc, 0x3, 0xff, 0xc0, 0x3f, 0xfc, 0x3,
    0xff, 0xc0, 0x3f, 0xfc, 0x3, 0xff, 0xc0, 0x3f,
    0xfc, 0x3, 0xf0,

    /* U+0069 "i" */
    0x7d, 0xff, 0xff, 0xff, 0xef, 0x80, 0x0, 0x0,
    0x3, 0xf7, 0xef, 0xdf, 0xbf, 0x7e, 0xfd, 0xfb,
    0xf7, 0xef, 0xdf, 0xbf, 0x7e, 0xfd, 0xfb, 0xf7,
    0xef, 0xdf, 0xbf, 0x7e,

    /* U+006A "j" */
    0x7, 0xc1, 0xfc, 0x3f, 0x87, 0xf0, 0xfe, 0xf,
    0x80, 0x0, 0x0, 0x0, 0x0, 0x0, 0x3f, 0x7,
    0xe0, 0xfc, 0x1f, 0x83, 0xf0, 0x7e, 0xf, 0xc1,
    0xf8, 0x3f, 0x7, 0xe0, 0xfc, 0x1f, 0x83, 0xf0,
    0x7e, 0xf, 0xc1, 0xf8, 0x3f, 0x7, 0xe0, 0xfc,
    0x1f, 0x83, 0xf0, 0x7e, 0xf, 0xc1, 0xf8, 0x3f,
    0xf, 0xef, 0xf9, 0xff, 0x3f, 0xc7, 0xe0,

    /* U+006B "k" */
    0xfc, 0x0, 0xf, 0xc0, 0x0, 0xfc, 0x0, 0xf,
    0xc0, 0x0, 0xfc, 0x0, 0xf, 0xc0, 0x0, 0xfc,
    0x0, 0xf, 0xc0, 0x0, 0xfc, 0x0, 0xf, 0xc0,
    0x0, 0xfc, 0x0, 0xf, 0xc0, 0x7e, 0xfc, 0xf,
    0xef, 0xc1, 0xfc, 0xfc, 0x3f, 0x8f, 0xc7, 0xf0,
    0xfc, 0x7e, 0xf, 0xcf, 0xc0, 0xfd, 0xf8, 0xf,
    0xff, 0x80, 0xff, 0xf0, 0xf, 0xff, 0x80, 0xfd,
    0xf8, 0xf, 0xdf, 0xc0, 0xfc, 0xfe, 0xf, 0xc7,
    0xe0, 0xfc, 0x7f, 0xf, 0xc3, 0xf8, 0xfc, 0x1f,
    0x8f, 0xc1, 0xfc, 0xfc, 0xf, 0xef, 0xc0, 0x7e,
    0xfc, 0x7, 0xe0,

    /* U+006C "l" */
    0xff, 0xff, 0xff, 0xff, 0xff, 0xff, 0xff, 0xff,
    0xff, 0xff, 0xff, 0xff, 0xff, 0xff, 0xff, 0xff,
    0xff, 0xff, 0xff, 0xff, 0xff, 0xff, 0xff, 0xff,
    0xfc,

    /* U+006D "m" */
    0x0, 0x8, 0x0, 0x0, 0x7c, 0x7f, 0xc1, 0xfe,
    0x3e, 0xff, 0xf3, 0xff, 0x9f, 0xff, 0xff, 0xff,
    0xef, 0xff, 0xff, 0xff, 0xf7, 0xf8, 0x3f, 0xe1,
    0xff, 0xf8, 0xf, 0xe0, 0x7f, 0xf8, 0x7, 0xe0,
    0x3f, 0xfc, 0x3, 0xf0, 0x1f, 0xfe, 0x1, 0xf8,
    0xf, 0xff, 0x0, 0xfc, 0x7, 0xff, 0x80, 0x7e,
    0x3, 0xff, 0xc0, 0x3f, 0x1, 0xff, 0xe0, 0x1f,
    0x80, 0xff, 0xf0, 0xf, 0xc0, 0x7f, 0xf8, 0x7,
    0xe0, 0x3f, 0xfc, 0x3, 0xf0, 0x1f, 0xfe, 0x1,
    0xf8, 0xf, 0xff, 0x0, 0xfc, 0x7, 0xff, 0x80,
    0x7e, 0x3, 0xff, 0xc0, 0x3f, 0x1, 0xff, 0xe0,
    0x1f, 0x80, 0xff, 0xf0, 0xf, 0xc0, 0x7e,

    /* U+006E "n" */
    0x0, 0x8, 0xf, 0x8f, 0xf8, 0xfb, 0xff, 0xcf,
    0xff, 0xfe, 0xff, 0xff, 0xef, 0xf0, 0x7f, 0xfe,
    0x7, 0xff, 0xc0, 0x3f, 0xfc, 0x3, 0xff, 0xc0,
    0x3f, 0xfc, 0x3, 0xff, 0xc0, 0x3f, 0xfc, 0x3,
    0xff, 0xc0, 0x3f, 0xfc, 0x3, 0xff, 0xc0, 0x3f,
    0xfc, 0x3, 0xff, 0xc0, 0x3f, 0xfc, 0x3, 0xff,
    0xc0, 0x3f, 0xfc, 0x3, 0xff, 0xc0, 0x3f, 0xfc,
    0x3, 0xf0,

    /* U+006F "o" */
    0x0, 0x10, 0x0, 0xf, 0xfe, 0x0, 0xff, 0xfc,
    0x7, 0xff, 0xf8, 0x3f, 0xff, 0xf0, 0xfc, 0xf,
    0xe7, 0xe0, 0x1f, 0x9f, 0x80, 0x7f, 0xfc, 0x0,
    0xff, 0xf0, 0x3, 0xff, 0xc0, 0xf, 0xff, 0x0,
    0x3f, 0xfc, 0x0, 0xff, 0xf0, 0x3, 0xff, 0xc0,
    0xf, 0xff, 0x0, 0x3f, 0xfe, 0x1, 0xf9, 0xf8,
    0x7, 0xe7, 0xf0, 0x3f, 0xf, 0xff, 0xfc, 0x1f,
    0xff, 0xe0, 0x3f, 0xff, 0x0, 0x7f, 0xf0, 0x0,
    0x8, 0x0,

    /* U+0070 "p" */
    0x0, 0x0, 0x7, 0xc7, 0xfc, 0x3e, 0xff, 0xf1,
    0xff, 0xff, 0xcf, 0xff, 0xfe, 0x7f, 0x83, 0xfb,
    0xf8, 0xf, 0xdf, 0x80, 0x7f, 0xfc, 0x1, 0xff,
    0xe0, 0xf, 0xff, 0x0, 0x7f, 0xf8, 0x3, 0xff,
    0xc0, 0x1f, 0xfe, 0x0, 0xff, 0xf0, 0x7, 0xff,
    0x80, 0x3f, 0xfc, 0x3, 0xf7, 0xf0, 0x1f, 0xbf,
    0xc1, 0xfd, 0xff, 0xff, 0xcf, 0xff, 0xfe, 0x7f,
    0xff, 0xe3, 0xf3, 0xfc, 0x1f, 0x83, 0x0, 0xfc,
    0x0, 0x7, 0xe0, 0x0, 0x3f, 0x0, 0x1, 0xf8,
    0x0, 0xf, 0xc0, 0x0, 0x7e, 0x0, 0x3, 0xf0,
    0x0, 0x0,

    /* U+0071 "q" */
    0x0, 0x40, 0x0, 0x3f, 0xc7, 0xc7, 0xff, 0xbe,
    0x7f, 0xff, 0xf3, 0xff, 0xff, 0xbf, 0x83, 0xfd,
    0xf8, 0xf, 0xef, 0xc0, 0x3f, 0xfc, 0x1, 0xff,
    0xe0, 0xf, 0xff, 0x0, 0x7f, 0xf8, 0x3, 0xff,
    0xc0, 0x1f, 0xfe, 0x0, 0xff, 0xf0, 0x7, 0xff,
    0x80, 0x3f, 0xfe, 0x3, 0xfb, 0xf0, 0x1f, 0xdf,
    0xc1, 0xfe, 0x7f, 0xff, 0xf3, 0xff, 0xff, 0x8f,
    0xfe, 0xfc, 0x3f, 0xe7, 0xe0, 0x10, 0x3f, 0x0,
    0x1, 0xf8, 0x0, 0xf, 0xc0, 0x0, 0x7e, 0x0,
    0x3, 0xf0, 0x0, 0x1f, 0x80, 0x0, 0xfc, 0x0,
    0x7, 0xe0,

    /* U+0072 "r" */
    0x0, 0x13, 0xe7, 0xef, 0xbf, 0xff, 0xfe, 0xff,
    0xfb, 0xfc, 0xf, 0xe0, 0x3f, 0x80, 0xfc, 0x3,
    0xf0, 0xf, 0xc0, 0x3f, 0x0, 0xfc, 0x3, 0xf0,
    0xf, 0xc0, 0x3f, 0x0, 0xfc, 0x3, 0xf0, 0xf,
    0xc0, 0x3f, 0x0, 0xfc, 0x3, 0xf0, 0xf, 0xc0,
    0x0,

    /* U+0073 "s" */
    0x0, 0x0, 0xf, 0xfc, 0x3f, 0xfe, 0x7f, 0xfe,
    0x7f, 0xfe, 0xfc, 0x6, 0xfc, 0x0, 0xfc, 0x0,
    0xfe, 0x0, 0xff, 0x80, 0x7f, 0xf0, 0x3f, 0xfc,
    0x1f, 0xfe, 0x7, 0xfe, 0x1, 0xff, 0x0, 0x7f,
    0x0, 0x3f, 0x0, 0x3f, 0xe0, 0x3f, 0xff, 0xfe,
    0xff, 0xfe, 0xff, 0xfc, 0x3f, 0xf0, 0x2, 0x0,

    /* U+0074 "t" */
    0x1f, 0x80, 0x3f, 0x0, 0x7e, 0x0, 0xfc, 0x1,
    0xf8, 0x3, 0xf0, 0x3f, 0xff, 0xff, 0xff, 0xff,
    0xff, 0xff, 0xfc, 0x7e, 0x0, 0xfc, 0x1, 0xf8,
    0x3, 0xf0, 0x7, 0xe0, 0xf, 0xc0, 0x1f, 0x80,
    0x3f, 0x0, 0x7e, 0x0, 0xfc, 0x1, 0xf8, 0x3,
    0xf0, 0x7, 0xe0, 0xf, 0xe0, 0x1f, 0xfe, 0x1f,
    0xfc, 0x1f, 0xf8, 0x1f, 0xf0, 0x6, 0x0,

    /* U+0075 "u" */
    0xfc, 0x3, 0xff, 0xc0, 0x3f, 0xfc, 0x3, 0xff,
    0xc0, 0x3f, 0xfc, 0x3, 0xff, 0xc0, 0x3f, 0xfc,
    0x3, 0xff, 0xc0, 0x3f, 0xfc, 0x3, 0xff, 0xc0,
    0x3f, 0xfc, 0x3, 0xff, 0xc0, 0x3f, 0xfc, 0x3,
    0xff, 0xc0, 0x3f, 0xfc, 0x3, 0xff, 0xc0, 0x3f,
    0xfc, 0x7, 0xff, 0xe0, 0xff, 0x7f, 0xff, 0xf7,
    0xff, 0xff, 0x3f, 0xfd, 0xf1, 0xff, 0x1f, 0x1,
    0x0, 0x0,

    /* U+0076 "v" */
    0xfc, 0x0, 0xff, 0xf8, 0x3, 0xf7, 0xe0, 0xf,
    0xdf, 0x80, 0x7e, 0x7f, 0x1, 0xf8, 0xfc, 0x7,
    0xe3, 0xf0, 0x3f, 0xf, 0xe0, 0xfc, 0x1f, 0x83,
    0xf0, 0x7e, 0x1f, 0x81, 0xfc, 0x7e, 0x3, 0xf1,
    0xf8, 0xf, 0xc7, 0xc0, 0x3f, 0x3f, 0x0, 0x7e,
    0xfc, 0x1, 0xfb, 0xe0, 0x7, 0xff, 0x80, 0xf,
    0xfe, 0x0, 0x3f, 0xf0, 0x0, 0x7f, 0xc0, 0x1,
    0xff, 0x0, 0x7, 0xf8, 0x0,

    /* U+0077 "w" */
    0xfc, 0x3, 0xf0, 0xf, 0xff, 0x0, 0xfc, 0x3,
    0xff, 0xc0, 0x3f, 0x0, 0xfd, 0xf8, 0x1f, 0xe0,
    0x3e, 0x7e, 0x7, 0xf8, 0x1f, 0x9f, 0x81, 0xfe,
    0x7, 0xe3, 0xf0, 0x7f, 0xc1, 0xf0, 0xfc, 0x3f,
    0xf0, 0xfc, 0x3f, 0xf, 0xfc, 0x3f, 0xf, 0xc3,
    0xff, 0xf, 0xc1, 0xf8, 0xf7, 0xe3, 0xe0, 0x7e,
    0x7c, 0xf9, 0xf8, 0x1f, 0x9f, 0x3e, 0x7e, 0x3,
    0xf7, 0xcf, 0x9f, 0x0, 0xfd, 0xe1, 0xf7, 0xc0,
    0x3f, 0xf8, 0x7f, 0xf0, 0x7, 0xfe, 0x1f, 0xf8,
    0x1, 0xff, 0x7, 0xfe, 0x0, 0x7f, 0xc0, 0xff,
    0x80, 0x1f, 0xf0, 0x3f, 0xe0, 0x3, 0xfc, 0xf,
    0xf0, 0x0, 0xfe, 0x1, 0xfc, 0x0,

    /* U+0078 "x" */
    0xfe, 0x3, 0xff, 0xe0, 0x3f, 0x7f, 0x7, 0xe3,
    0xf0, 0x7c, 0x3f, 0x8f, 0xc1, 0xf9, 0xf8, 0x1f,
    0xdf, 0x80, 0xff, 0xf0, 0xf, 0xff, 0x0, 0x7f,
    0xe0, 0x3, 0xfc, 0x0, 0x7f, 0xe0, 0x7, 0xfe,
    0x0, 0xff, 0xf0, 0xf, 0xff, 0x81, 0xf9, 0xf8,
    0x3f, 0x1f, 0xc3, 0xf0, 0xfc, 0x7e, 0xf, 0xe7,
    0xe0, 0x7e, 0xfc, 0x7, 0xff, 0xc0, 0x3f,

    /* U+0079 "y" */
    0xfc, 0x0, 0xff, 0xf0, 0x3, 0xff, 0xe0, 0xf,
    0xdf, 0x80, 0x7e, 0x7f, 0x1, 0xf8, 0xfc, 0x7,
    0xe3, 0xf0, 0x3f, 0xf, 0xe0, 0xfc, 0x1f, 0x83,
    0xf0, 0x7e, 0x1f, 0x80, 0xfc, 0x7e, 0x3, 0xf1,
    0xf0, 0xf, 0xef, 0xc0, 0x1f, 0xbf, 0x0, 0x7e,
    0xf8, 0x0, 0xff, 0xe0, 0x3, 0xff, 0x80, 0xf,
    0xfc, 0x0, 0x1f, 0xf0, 0x0, 0x7f, 0xc0, 0x1,
    0xfe, 0x0, 0x3, 0xf8, 0x0, 0xf, 0xe0, 0x0,
    0x3f, 0x0, 0x1, 0xfc, 0x0, 0x7, 0xe0, 0x0,
    0x1f, 0x80, 0x0, 0xfe, 0x0, 0x3, 0xf0, 0x0,
    0xf, 0xc0, 0x0,

    /* U+007A "z" */
    0xff, 0xfe, 0xff, 0xfe, 0xff, 0xfe, 0xff, 0xfe,
    0x0, 0xfe, 0x1, 0xfc, 0x1, 0xfc, 0x3, 0xf8,
    0x3, 0xf0, 0x7, 0xf0, 0xf, 0xe0, 0xf, 0xc0,
    0x1f, 0xc0, 0x1f, 0x80, 0x3f, 0x80, 0x7f, 0x0,
    0x7e, 0x0, 0xfe, 0x0, 0xff, 0xff, 0xff, 0xff,
    0xff, 0xff, 0xff, 0xff,

    /* U+007B "{" */
    0x0, 0xf8, 0xf, 0xe0, 0x7f, 0xc1, 0xfe, 0xf,
    0xf0, 0x3f, 0x0, 0xfc, 0x3, 0xf0, 0xf, 0xc0,
    0x3f, 0x0, 0xfc, 0x3, 0xf0, 0xf, 0xc0, 0x3f,
    0x0, 0xfc, 0x7, 0xf0, 0x1f, 0x80, 0xfe, 0xf,
    0xf0, 0x3f, 0x0, 0xfc, 0x3, 0xfc, 0x3, 0xf8,
    0x7, 0xe0, 0xf, 0xc0, 0x3f, 0x0, 0xfc, 0x3,
    0xf0, 0xf, 0xc0, 0x3f, 0x0, 0xfc, 0x3, 0xf0,
    0xf, 0xc0, 0x3f, 0x0, 0xfc, 0x3, 0xf0, 0xf,
    0xe0, 0x1f, 0xe0, 0x7f, 0x80, 0xfe, 0x0, 0xf8,

    /* U+007C "|" */
    0xff, 0xff, 0xff, 0xff, 0xff, 0xff, 0xff, 0xff,
    0xff, 0xff, 0xff, 0xff, 0xff, 0xff, 0xff, 0xff,
    0xff, 0xff, 0xff, 0xff, 0xff, 0xff, 0xff, 0xff,
    0xff, 0xff, 0xff, 0xff, 0xff, 0xff, 0xff, 0xf0,

    /* U+007D "}" */
    0xfc, 0x3, 0xfc, 0xf, 0xf8, 0x3f, 0xe0, 0x3f,
    0xc0, 0x3f, 0x0, 0xfc, 0x3, 0xf0, 0xf, 0xc0,
    0x3f, 0x0, 0xfc, 0x3, 0xf0, 0xf, 0xc0, 0x3f,
    0x0, 0xfc, 0x3, 0xf0, 0xf, 0xe0, 0x1f, 0xc0,
    0x3f, 0x80, 0x3e, 0x0, 0xf8, 0xf, 0xe0, 0x3f,
    0x1, 0xf8, 0x7, 0xe0, 0x3f, 0x0, 0xfc, 0x3,
    0xf0, 0xf, 0xc0, 0x3f, 0x0, 0xfc, 0x3, 0xf0,
    0xf, 0xc0, 0x3f, 0x0, 0xfc, 0x3, 0xf0, 0x3f,
    0xc3, 0xfe, 0xf, 0xf8, 0x3f, 0xc0, 0xfc, 0x0,

    /* U+007E "~" */
    0xf, 0x80, 0x31, 0xff, 0x3, 0xdf, 0xfc, 0x1e,
    0xff, 0xf1, 0xff, 0x8f, 0xff, 0xf8, 0x3f, 0xfb,
    0xc1, 0xff, 0xde, 0x7, 0xfc, 0x0, 0xf, 0x80,

    /* U+00A0 " " */
    0x0,

    /* U+00A1 "¡" */
    0x7b, 0xff, 0xff, 0xff, 0xf7, 0x80, 0x0, 0xf,
    0xff, 0xff, 0xff, 0xff, 0xff, 0xff, 0xff, 0xff,
    0xff, 0xff, 0xff, 0xff, 0xff, 0xff, 0xff, 0xff,
    0xfc,

    /* U+00A2 "¢" */
    0x0, 0x20, 0x0, 0x7c, 0x0, 0x3e, 0x0, 0x1f,
    0x0, 0xf, 0xc0, 0x3f, 0xf8, 0x3f, 0xfe, 0x3f,
    0xff, 0x3f, 0xff, 0xbf, 0x81, 0xdf, 0x80, 0xf,
    0xc0, 0xf, 0xc0, 0x7, 0xe0, 0x3, 0xf0, 0x1,
    0xf8, 0x0, 0xfc, 0x0, 0x7e, 0x0, 0x3f, 0x0,
    0x1f, 0xc0, 0xf, 0xe0, 0xb, 0xf8, 0x1d, 0xff,
    0xfe, 0x7f, 0xff, 0x1f, 0xff, 0x87, 0xff, 0x81,
    0xff, 0x80, 0x1f, 0x0, 0xf, 0x80, 0x7, 0xc0,
    0x3, 0xe0, 0x0, 0x40,

    /* U+00A3 "£" */
    0x0, 0x0, 0x0, 0x7, 0xfe, 0x0, 0xff, 0xfc,
    0xf, 0xff, 0xe0, 0x7f, 0xff, 0x7, 0xf0, 0x38,
    0x3f, 0x0, 0xc3, 0xf0, 0x0, 0x1f, 0x80, 0x0,
    0xfc, 0x0, 0x7, 0xe0, 0x0, 0x3f, 0x0, 0x1,
    0xf8, 0x0, 0xf, 0xc0, 0x3, 0xff, 0xfe, 0x1f,
    0xff, 0xf0, 0xff, 0xff, 0x87, 0xff, 0xfc, 0x7,
    0xe0, 0x0, 0x3f, 0x0, 0x1, 0xf8, 0x0, 0xf,
    0xc0, 0x0, 0x7e, 0x0, 0x3, 0xf0, 0x0, 0x1f,
    0x80, 0x0, 0xfc, 0x0, 0x7, 0xe0, 0x1, 0xff,
    0xff, 0xff, 0xff, 0xff, 0xff, 0xff, 0xff, 0xff,
    0xff, 0xe0,

    /* U+00A4 "¤" */
    0xf8, 0x0, 0xff, 0xf0, 0x7, 0xf7, 0xe0, 0x3f,
    0x9f, 0x80, 0xfc, 0x3f, 0xff, 0xe0, 0x7f, 0xff,
    0x81, 0xff, 0xfc, 0x7, 0xff, 0xf8, 0x3f, 0x7,
    0xe0, 0xfc, 0x1f, 0xc7, 0xe0, 0x3f, 0x1f, 0x80,
    0xfc, 0x7e, 0x3, 0xf1, 0xf8, 0xf, 0xc7, 0xe0,
    0x3f, 0x1f, 0x80, 0xfc, 0x3f, 0x7, 0xe0, 0xfe,
    0x3f, 0x81, 0xff, 0xfc, 0x7, 0xff, 0xf0, 0x1f,
    0xff, 0xc0, 0xff, 0xff, 0x87, 0xe0, 0x3f, 0x1f,
    0x80, 0xfc, 0xfc, 0x1, 0xfb, 0xe0, 0x3, 0xe0,

    /* U+00A5 "¥" */
    0xfc, 0x0, 0xff, 0xf8, 0x3, 0xf7, 0xe0, 0x1f,
    0x9f, 0xc0, 0x7e, 0x3f, 0x3, 0xf0, 0xfe, 0xf,
    0xc1, 0xf8, 0x7e, 0x7, 0xf1, 0xf8, 0xf, 0xcf,
    0xc0, 0x1f, 0xbe, 0x0, 0x7f, 0xf8, 0x0, 0xff,
    0xc0, 0x3, 0xff, 0x0, 0x7, 0xf8, 0x0, 0xf,
    0xc0, 0x0, 0x3f, 0x0, 0x7f, 0xff, 0xf1, 0xff,
    0xff, 0xc7, 0xff, 0xff, 0x1f, 0xff, 0xfc, 0x0,
    0xfc, 0x0, 0x3, 0xf0, 0x0, 0xf, 0xc0, 0x1f,
    0xff, 0xfc, 0x7f, 0xff, 0xf1, 0xff, 0xff, 0xc7,
    0xff, 0xff, 0x0, 0x3f, 0x0, 0x0, 0xfc, 0x0,
    0x3, 0xf0, 0x0,

    /* U+00A6 "¦" */
    0xff, 0xff, 0xff, 0xff, 0xff, 0xff, 0xff, 0xff,
    0xff, 0xff, 0xff, 0xff, 0xfc, 0x0, 0x0, 0x0,
    0x0, 0x0, 0x0, 0xf, 0xff, 0xff, 0xff, 0xff,
    0xff, 0xff, 0xff, 0xff, 0xff, 0xff, 0xff, 0xff,
    0xc0,

    /* U+00A7 "§" */
    0x1, 0xfc, 0x0, 0x7f, 0xf8, 0xf, 0xff, 0x81,
    0xff, 0xf8, 0x3f, 0x83, 0x83, 0xf0, 0x8, 0x3f,
    0x0, 0x3, 0xf0, 0x0, 0x3f, 0x80, 0x1, 0xfe,
    0x0, 0x1f, 0xf8, 0x0, 0xff, 0xe0, 0x1f, 0xff,
    0x83, 0xff, 0xfc, 0x7f, 0x7f, 0xe7, 0xe1, 0xfe,
    0xfc, 0x7, 0xff, 0xc0, 0x3f, 0xfc, 0x3, 0xff,
    0xc0, 0x3f, 0xff, 0x3, 0xf7, 0xfc, 0x7e, 0x7f,
    0xff, 0xe3, 0xff, 0xfc, 0x1f, 0xff, 0x80, 0x7f,
    0xf0, 0x1, 0xff, 0x80, 0x3, 0xfc, 0x0, 0x1f,
    0xc0, 0x0, 0xfc, 0x0, 0xf, 0xc3, 0x0, 0xfc,
    0x3c, 0x1f, 0xc3, 0xff, 0xf8, 0x3f, 0xff, 0x3,
    0xff, 0xe0, 0x7, 0xf8, 0x0,

    /* U+00A8 "¨" */
    0x1e, 0xf, 0x1f, 0x8f, 0xcf, 0xc7, 0xe7, 0xe3,
    0xf3, 0xf1, 0xf8, 0xf0, 0x78, 0x0, 0x0, 0x0,
    0x0, 0x0, 0x0, 0x0, 0x0, 0x0,

    /* U+00A9 "©" */
    0x0, 0xf, 0xfc, 0x0, 0x0, 0x7f, 0xff, 0xc0,
    0x0, 0xff, 0xff, 0xf8, 0x0, 0xfe, 0x0, 0xfe,
    0x0, 0xfc, 0x0, 0xf, 0x80, 0xf8, 0x0, 0x3,
    0xe0, 0x78, 0xf, 0xc0, 0xf8, 0x78, 0x1f, 0xf8,
    0x3c, 0x7c, 0x1f, 0xfe, 0xf, 0x3c, 0x1f, 0xff,
    0x7, 0x9e, 0x1f, 0x83, 0x83, 0xcf, 0xf, 0x80,
    0xc0, 0xff, 0xf, 0xc0, 0x0, 0x7f, 0x87, 0xc0,
    0x0, 0x3f, 0xc3, 0xe0, 0x0, 0x1f, 0xe1, 0xf0,
    0x0, 0xf, 0xf0, 0xf8, 0x0, 0x7, 0xf8, 0x7c,
    0x0, 0x3, 0xfc, 0x3e, 0x0, 0x1, 0xfe, 0x1f,
    0x80, 0x0, 0xff, 0x7, 0xc0, 0x60, 0x7f, 0x83,
    0xf0, 0x70, 0x79, 0xe0, 0xff, 0xf8, 0x3c, 0xf0,
    0x7f, 0xfc, 0x1e, 0x78, 0x1f, 0xfc, 0x1f, 0x1e,
    0x1, 0xf8, 0xf, 0xf, 0x80, 0x0, 0xf, 0x3,
    0xe0, 0x0, 0xf, 0x80, 0xf8, 0x0, 0x1f, 0x80,
    0x3f, 0x80, 0x3f, 0x80, 0xf, 0xff, 0xff, 0x80,
    0x1, 0xff, 0xff, 0x0, 0x0, 0x1f, 0xfc, 0x0,
    0x0,

    /* U+00AA "ª" */
    0xf, 0xf0, 0xff, 0xf1, 0xff, 0xf3, 0xc3, 0xf0,
    0x3, 0xe0, 0x7, 0xc3, 0xff, 0x9f, 0xff, 0x7f,
    0xff, 0xf8, 0x7f, 0xe0, 0xff, 0xc1, 0xff, 0xc7,
    0xef, 0xff, 0xdf, 0xf7, 0x8f, 0xcf, 0x0, 0x0,
    0x0, 0x0, 0x0, 0x7, 0xff, 0xff, 0xff, 0xff,
    0xff, 0xff, 0xff, 0x80,

    /* U+00AB "«" */
    0x3, 0xc1, 0xf0, 0x7c, 0x3e, 0xf, 0xc3, 0xe0,
    0xf8, 0x7c, 0x1f, 0x8f, 0xc3, 0xf0, 0xf8, 0x3e,
    0x1f, 0x87, 0xe3, 0xf0, 0x7c, 0x3f, 0xf, 0xc3,
    0xe0, 0xfc, 0x3f, 0x7, 0xe1, 0xf0, 0x7e, 0x1f,
    0x83, 0xf0, 0xf8, 0x1f, 0xf, 0xc1, 0xf8, 0x7c,
    0xf, 0x83, 0xe0, 0xfc, 0x3f, 0x7, 0xc1, 0xf0,
    0x3c, 0x0,

    /* U+00AC "¬" */
    0xff, 0xff, 0xff, 0xff, 0xff, 0xff, 0xff, 0xff,
    0xff, 0xff, 0xf0, 0x0, 0xf, 0x80, 0x0, 0x7c,
    0x0, 0x3, 0xe0, 0x0, 0x1f, 0x0, 0x0, 0xf8,
    0x0, 0x7, 0xc0,

    /* U+00AD "­" */
    0xff, 0xff, 0xff, 0xff, 0xff, 0xff,

    /* U+00AE "®" */
    0x1, 0xf8, 0x0, 0x7f, 0xf0, 0x1e, 0x7, 0x83,
    0xc0, 0x3c, 0x7b, 0xf9, 0xe7, 0x3f, 0xce, 0xf3,
    0x9c, 0xfe, 0x39, 0xc7, 0xe3, 0x9c, 0x7e, 0x3f,
    0x87, 0xe3, 0xf8, 0x7e, 0x39, 0xc7, 0xf3, 0x9c,
    0xe7, 0x39, 0xee, 0x79, 0xd, 0xc3, 0xc0, 0x3c,
    0x1e, 0x7, 0x80, 0xff, 0xe0, 0x1, 0xf8, 0x0,

    /* U+00AF "¯" */
    0x3f, 0xff, 0x3f, 0xff, 0x3f, 0xff, 0x3f, 0xff,
    0x0, 0x0, 0x0, 0x0, 0x0, 0x0, 0x0, 0x0,
    0x0, 0x0,

    /* U+00B0 "°" */
    0x3, 0xe0, 0x1f, 0xf0, 0x7f, 0xf0, 0xf1, 0xf3,
    0xc1, 0xe7, 0x83, 0xcf, 0x7, 0x9e, 0xf, 0x3e,
    0x3c, 0x3f, 0xf8, 0x3f, 0xe0, 0x1f, 0x0,

    /* U+00B1 "±" */
    0x0, 0xf8, 0x0, 0x7, 0xc0, 0x0, 0x3e, 0x0,
    0x1, 0xf0, 0x0, 0xf, 0x80, 0x0, 0x7c, 0x0,
    0x3, 0xe0, 0x0, 0x1f, 0x0, 0xff, 0xff, 0xff,
    0xff, 0xff, 0xff, 0xff, 0xff, 0xff, 0xff, 0xf0,
    0xf, 0x80, 0x0, 0x7c, 0x0, 0x3, 0xe0, 0x0,
    0x1f, 0x0, 0x0, 0xf8, 0x0, 0x7, 0xc0, 0x0,
    0x3e, 0x0, 0x1, 0xf0, 0x0, 0xf, 0x80, 0x0,
    0x0, 0x0, 0x0, 0x0, 0x0, 0x0, 0x0, 0xff,
    0xff, 0xf7, 0xff, 0xff, 0xbf, 0xff, 0xfd, 0xff,
    0xff, 0xe0,

    /* U+00B2 "²" */
    0x1f, 0x83, 0xff, 0x3f, 0xf9, 0xff, 0xee, 0x3f,
    0x0, 0xf8, 0x7, 0xc0, 0x3e, 0x3, 0xe0, 0x1f,
    0x1, 0xf0, 0x1f, 0x81, 0xf8, 0x1f, 0x81, 0xf8,
    0x1f, 0x80, 0xff, 0xff, 0xff, 0xff, 0xfe,

    /* U+00B3 "³" */
    0x1f, 0xc1, 0xff, 0xc7, 0xff, 0x18, 0x7e, 0x40,
    0xf8, 0x3, 0xe0, 0xf, 0x80, 0x7c, 0x3f, 0xf0,
    0xff, 0x83, 0xff, 0x80, 0x3f, 0x0, 0x7c, 0x1,
    0xf0, 0x7, 0xd8, 0x3f, 0xff, 0xf9, 0xff, 0xc3,
    0xfc, 0x0,

    /* U+00B4 "´" */
    0x0, 0x0, 0x3f, 0x7, 0xe0, 0x7c, 0xf, 0xc1,
    0xf8, 0x1f, 0x3, 0xe0, 0x0, 0x0, 0x0, 0x0,
    0x0,

    /* U+00B5 "µ" */
    0xfc, 0x3, 0xf0, 0xfc, 0x3, 0xf0, 0xfc, 0x3,
    0xf0, 0xfc, 0x3, 0xf0, 0xfc, 0x3, 0xf0, 0xfc,
    0x3, 0xf0, 0xfc, 0x3, 0xf0, 0xfc, 0x3, 0xf0,
    0xfc, 0x3, 0xf0, 0xfc, 0x3, 0xf0, 0xfc, 0x3,
    0xf0, 0xfc, 0x3, 0xf0, 0xfc, 0x3, 0xf0, 0xfc,
    0x3, 0xf0, 0xfc, 0x3, 0xf0, 0xfc, 0x3, 0xf0,
    0xfc, 0x7, 0xf0, 0xfe, 0xf, 0xf0, 0xff, 0xff,
    0xff, 0xff, 0xff, 0xff, 0xff, 0xfd, 0xff, 0xff,
    0xf0, 0xff, 0xfc, 0x80, 0x18, 0xfc, 0x0, 0x0,
    0xfc, 0x0, 0x0, 0xfc, 0x0, 0x0, 0xfc, 0x0,
    0x0, 0xfc, 0x0, 0x0, 0xfc, 0x0, 0x0, 0xfc,
    0x0, 0x0,

    /* U+00B6 "¶" */
    0x1, 0xff, 0xfe, 0x1f, 0xff, 0xfc, 0x7f, 0xff,
    0xf9, 0xff, 0xff, 0xf7, 0xff, 0xc1, 0xef, 0xff,
    0x83, 0xff, 0xff, 0x7, 0xff, 0xfe, 0xf, 0xff,
    0xfc, 0x1f, 0xff, 0xf8, 0x3f, 0xff, 0xf0, 0x7f,
    0xff, 0xe0, 0xff, 0xff, 0xc1, 0xef, 0xff, 0x83,
    0xdf, 0xff, 0x7, 0x9f, 0xfe, 0xf, 0x1f, 0xfc,
    0x1e, 0xf, 0xf8, 0x3c, 0x0, 0xf0, 0x78, 0x1,
    0xe0, 0xf0, 0x3, 0xc1, 0xe0, 0x7, 0x83, 0xc0,
    0xf, 0x7, 0x80, 0x1e, 0xf, 0x0, 0x3c, 0x1e,
    0x0, 0x78, 0x3c, 0x0, 0xf0, 0x78, 0x1, 0xe0,
    0xf0, 0x3, 0xc1, 0xe0, 0x7, 0x83, 0xc0, 0xf,
    0x7, 0x80, 0x1e, 0xf, 0x0, 0x3c, 0x1e, 0x0,
    0x78, 0x3c, 0x0, 0xf0, 0x78, 0x0, 0xc0, 0x60,

    /* U+00B7 "·" */
    0x7d, 0xff, 0xff, 0xff, 0xff, 0xdf, 0x0,

    /* U+00B8 "¸" */
    0xf, 0x3, 0xe0, 0x78, 0x1f, 0x7, 0xff, 0xff,
    0xff, 0xfe, 0x7f, 0x0,

    /* U+00B9 "¹" */
    0xf, 0x8f, 0xdf, 0xff, 0xff, 0xfe, 0x7c, 0x3e,
    0x1f, 0xf, 0x87, 0xc3, 0xe1, 0xf0, 0xf8, 0x7c,
    0x3e, 0x1f, 0xf, 0x87, 0xc3, 0xe0,

    /* U+00BA "º" */
    0x7, 0xf0, 0xf, 0xfe, 0xf, 0xff, 0x8f, 0xff,
    0xe7, 0xe3, 0xf7, 0xe0, 0xff, 0xe0, 0x3f, 0xf0,
    0x1f, 0xf8, 0xf, 0xfc, 0x7, 0xfe, 0x3, 0xff,
    0x83, 0xf7, 0xe3, 0xf3, 0xff, 0xf8, 0xff, 0xf8,
    0x3f, 0xf8, 0x7, 0xf0, 0x0, 0x0, 0x0, 0x0,
    0xf, 0xff, 0xe7, 0xff, 0xf3, 0xff, 0xf9, 0xff,
    0xfc,

    /* U+00BB "»" */
    0xf0, 0x7c, 0xf, 0x87, 0xe0, 0xfc, 0x3e, 0x7,
    0xc1, 0xf0, 0x3e, 0x1f, 0x3, 0xf0, 0xf8, 0x1f,
    0xf, 0xc1, 0xf8, 0x7c, 0xf, 0xc7, 0xe0, 0xfc,
    0x3e, 0xf, 0xc7, 0xe1, 0xf8, 0x7e, 0x1f, 0x8f,
    0xc3, 0xf0, 0xfc, 0x3e, 0x1f, 0x87, 0xe1, 0xf8,
    0x7c, 0x3f, 0xf, 0x83, 0xe0, 0xf8, 0x7e, 0x0,
    0x7, 0xc0,

    /* U+00BC "¼" */
    0x0, 0x0, 0x0, 0x0, 0x7c, 0x0, 0xf, 0x8f,
    0xe0, 0x0, 0xf9, 0xff, 0x0, 0xf, 0x8f, 0xf8,
    0x0, 0x7c, 0x77, 0xc0, 0x7, 0xc2, 0x3e, 0x0,
    0x7c, 0x1, 0xf0, 0x7, 0xc0, 0xf, 0x80, 0x3e,
    0x0, 0x7c, 0x3, 0xe0, 0x3, 0xe0, 0x3e, 0x0,
    0x1f, 0x3, 0xe0, 0x0, 0xf8, 0x1f, 0x0, 0x7,
    0xc1, 0xf0, 0x0, 0x3e, 0x1f, 0x0, 0x1, 0xf0,
    0xf8, 0x0, 0x0, 0xf, 0x8f, 0xe0, 0x0, 0xf8,
    0x7f, 0x0, 0xf, 0x87, 0xf8, 0x0, 0x7c, 0x7f,
    0xc0, 0x7, 0xc3, 0xbe, 0x0, 0x7c, 0x3d, 0xf0,
    0x7, 0xc1, 0xcf, 0x80, 0x3e, 0x1e, 0x7c, 0x3,
    0xe1, 0xe3, 0xe0, 0x3e, 0xf, 0x1f, 0x3, 0xf0,
    0x7f, 0xfe, 0x1f, 0x3, 0xff, 0xf1, 0xf0, 0x1f,
    0xff, 0x9f, 0x0, 0x1, 0xf0, 0xf8, 0x0, 0xf,
    0x8f, 0x80, 0x0, 0x7c, 0x30, 0x0, 0x0, 0x0,

    /* U+00BD "½" */
    0x0, 0x0, 0x1, 0xf0, 0x3e, 0x0, 0xf, 0x83,
    0xf8, 0x0, 0x3e, 0x1f, 0xe0, 0x1, 0xf0, 0xff,
    0x80, 0xf, 0x83, 0xbe, 0x0, 0x7c, 0x8, 0xf8,
    0x1, 0xf0, 0x3, 0xe0, 0xf, 0x80, 0xf, 0x80,
    0x7c, 0x0, 0x3e, 0x1, 0xf0, 0x0, 0xf8, 0xf,
    0x80, 0x3, 0xe0, 0x7c, 0x0, 0xf, 0x83, 0xe0,
    0x0, 0x3e, 0xf, 0x80, 0x0, 0xf8, 0x7c, 0x0,
    0x3, 0xe3, 0xe0, 0x0, 0x0, 0x1f, 0xf, 0xe0,
    0x0, 0x7c, 0xff, 0xe0, 0x3, 0xe3, 0xff, 0xc0,
    0x1f, 0xc, 0x3f, 0x0, 0xfc, 0x0, 0xfc, 0x3,
    0xe0, 0x3, 0xf0, 0x1f, 0x0, 0x1f, 0x80, 0xf8,
    0x0, 0xfe, 0x3, 0xe0, 0x7, 0xf0, 0x1f, 0x0,
    0x3f, 0x80, 0xf8, 0x1, 0xf8, 0x7, 0xc0, 0xf,
    0xc0, 0x1f, 0x0, 0x3f, 0xfc, 0xf8, 0x0, 0xff,
    0xf7, 0xc0, 0x3, 0xff, 0xde, 0x0, 0x0, 0x0,

    /* U+00BE "¾" */
    0x0, 0x0, 0x0, 0x0, 0x3f, 0x80, 0x0, 0xf9,
    0xff, 0x80, 0x3, 0xe7, 0xff, 0x80, 0xf, 0x86,
    0x1f, 0x0, 0x1f, 0x0, 0x3e, 0x0, 0x7c, 0x0,
    0xfc, 0x1, 0xf0, 0x1f, 0xf0, 0x7, 0xc0, 0x3f,
    0xc0, 0xf, 0x80, 0x7f, 0xe0, 0x3e, 0x0, 0xf,
    0xe0, 0xf8, 0x0, 0xf, 0xc3, 0xe0, 0x0, 0x1f,
    0x87, 0xc0, 0x18, 0x7f, 0x1f, 0x0, 0x3f, 0xfc,
    0x7c, 0x0, 0x7f, 0xf0, 0xf8, 0x0, 0x3f, 0x83,
    0xe0, 0x0, 0x0, 0xf, 0x87, 0xf0, 0x0, 0x3e,
    0x1f, 0xe0, 0x0, 0x7c, 0x3f, 0xc0, 0x1, 0xf0,
    0xff, 0x80, 0x7, 0xc3, 0xdf, 0x0, 0x1f, 0x7,
    0x3e, 0x0, 0x3e, 0x1e, 0x7c, 0x0, 0xf8, 0x38,
    0xf8, 0x3, 0xe0, 0xf1, 0xf0, 0x7, 0xc1, 0xff,
    0xf8, 0x1f, 0x3, 0xff, 0xf0, 0x7c, 0x7, 0xff,
    0xe1, 0xf0, 0x0, 0x1f, 0x3, 0xe0, 0x0, 0x3e,
    0xf, 0x80, 0x0, 0x7c, 0xc, 0x0, 0x0, 0x0,

    /* U+00BF "¿" */
    0x0, 0xf0, 0x0, 0x7e, 0x0, 0x1f, 0x80, 0x7,
    0xe0, 0x1, 0xf8, 0x0, 0x7e, 0x0, 0xf, 0x0,
    0x0, 0x0, 0x0, 0x0, 0x0, 0x7e, 0x0, 0x1f,
    0x80, 0x7, 0xe0, 0x1, 0xf8, 0x0, 0x7e, 0x0,
    0x1f, 0x80, 0x3f, 0xe0, 0x1f, 0xf8, 0xf, 0xfe,
    0x7, 0xf0, 0x1, 0xf8, 0x0, 0xfe, 0x0, 0x3f,
    0x0, 0xf, 0xc0, 0x3, 0xf0, 0x0, 0xfc, 0x0,
    0x3f, 0x0, 0xf, 0xe0, 0x1, 0xf8, 0x0, 0x7f,
    0x83, 0x8f, 0xff, 0xe1, 0xff, 0xf8, 0x3f, 0xfe,
    0x3, 0xfe, 0x0,

    /* U+00C0 "À" */
    0x1, 0x80, 0x0, 0x0, 0x7e, 0x0, 0x0, 0x3,
    0xf0, 0x0, 0x0, 0x1f, 0x80, 0x0, 0x0, 0xfc,
    0x0, 0x0, 0x7, 0xe0, 0x0, 0x0, 0x3f, 0x0,
    0x0, 0x0, 0x40, 0x0, 0x0, 0x0, 0x0, 0x0,
    0x0, 0x0, 0x0, 0x0, 0x3f, 0x80, 0x0, 0x7,
    0xfc, 0x0, 0x0, 0x7f, 0xc0, 0x0, 0xf, 0xfe,
    0x0, 0x0, 0xff, 0xe0, 0x0, 0xf, 0xfe, 0x0,
    0x1, 0xff, 0xf0, 0x0, 0x1f, 0xbf, 0x0, 0x1,
    0xf3, 0xf0, 0x0, 0x3f, 0x3f, 0x80, 0x3, 0xf1,
    0xf8, 0x0, 0x3e, 0x1f, 0x80, 0x7, 0xe1, 0xfc,
    0x0, 0x7e, 0xf, 0xc0, 0x7, 0xc0, 0xfe, 0x0,
    0xfc, 0xf, 0xe0, 0xf, 0xc0, 0x7e, 0x0, 0xf8,
    0x7, 0xf0, 0x1f, 0x80, 0x7f, 0x1, 0xff, 0xff,
    0xf0, 0x3f, 0xff, 0xff, 0x83, 0xff, 0xff, 0xf8,
    0x3f, 0xff, 0xff, 0x87, 0xe0, 0x1, 0xfc, 0x7e,
    0x0, 0x1f, 0xc7, 0xe0, 0x0, 0xfc, 0xfc, 0x0,
    0xf, 0xef, 0xc0, 0x0, 0xfe, 0xfc, 0x0, 0x7,
    0xef, 0x80, 0x0, 0x7e,

    /* U+00C1 "Á" */
    0x0, 0x0, 0x60, 0x0, 0x0, 0x1f, 0x80, 0x0,
    0x3, 0xf0, 0x0, 0x0, 0x7e, 0x0, 0x0, 0xf,
    0xc0, 0x0, 0x1, 0xf8, 0x0, 0x0, 0x3f, 0x0,
    0x0, 0x0, 0x80, 0x0, 0x0, 0x0, 0x0, 0x0,
    0x0, 0x0, 0x0, 0x0, 0x3f, 0x80, 0x0, 0x7,
    0xfc, 0x0, 0x0, 0x7f, 0xc0, 0x0, 0xf, 0xfe,
    0x0, 0x0, 0xff, 0xe0, 0x0, 0xf, 0xfe, 0x0,
    0x1, 0xff, 0xf0, 0x0, 0x1f, 0xbf, 0x0, 0x1,
    0xf3, 0xf0, 0x0, 0x3f, 0x3f, 0x80, 0x3, 0xf1,
    0xf8, 0x0, 0x3e, 0x1f, 0x80, 0x7, 0xe1, 0xfc,
    0x0, 0x7e, 0xf, 0xc0, 0x7, 0xc0, 0xfe, 0x0,
    0xfc, 0xf, 0xe0, 0xf, 0xc0, 0x7e, 0x0, 0xf8,
    0x7, 0xf0, 0x1f, 0x80, 0x7f, 0x1, 0xff, 0xff,
    0xf0, 0x3f, 0xff, 0xff, 0x83, 0xff, 0xff, 0xf8,
    0x3f, 0xff, 0xff, 0x87, 0xe0, 0x1, 0xfc, 0x7e,
    0x0, 0x1f, 0xc7, 0xe0, 0x0, 0xfc, 0xfc, 0x0,
    0xf, 0xef, 0xc0, 0x0, 0xfe, 0xfc, 0x0, 0x7,
    0xef, 0x80, 0x0, 0x7e,

    /* U+00C2 "Â" */
    0x0, 0xe, 0x0, 0x0, 0x3, 0xf8, 0x0, 0x0,
    0x7f, 0xc0, 0x0, 0xf, 0xfe, 0x0, 0x1, 0xfb,
    0xf0, 0x0, 0x3f, 0x1f, 0x80, 0x7, 0xe0, 0xfc,
    0x0, 0x38, 0x3, 0x80, 0x0, 0x0, 0x0, 0x0,
    0x0, 0x0, 0x0, 0x0, 0x3f, 0x80, 0x0, 0x7,
    0xfc, 0x0, 0x0, 0x7f, 0xc0, 0x0, 0xf, 0xfe,
    0x0, 0x0, 0xff, 0xe0, 0x0, 0xf, 0xfe, 0x0,
    0x1, 0xff, 0xf0, 0x0, 0x1f, 0xbf, 0x0, 0x1,
    0xf3, 0xf0, 0x0, 0x3f, 0x3f, 0x80, 0x3, 0xf1,
    0xf8, 0x0, 0x3e, 0x1f, 0x80, 0x7, 0xe1, 0xfc,
    0x0, 0x7e, 0xf, 0xc0, 0x7, 0xc0, 0xfe, 0x0,
    0xfc, 0xf, 0xe0, 0xf, 0xc0, 0x7e, 0x0, 0xf8,
    0x7, 0xf0, 0x1f, 0x80, 0x7f, 0x1, 0xff, 0xff,
    0xf0, 0x3f, 0xff, 0xff, 0x83, 0xff, 0xff, 0xf8,
    0x3f, 0xff, 0xff, 0x87, 0xe0, 0x1, 0xfc, 0x7e,
    0x0, 0x1f, 0xc7, 0xe0, 0x0, 0xfc, 0xfc, 0x0,
    0xf, 0xef, 0xc0, 0x0, 0xfe, 0xfc, 0x0, 0x7,
    0xef, 0x80, 0x0, 0x7e,

    /* U+00C3 "Ã" */
    0x0, 0xf8, 0x3c, 0x0, 0x7f, 0xc7, 0x80, 0xf,
    0xff, 0xf0, 0x3, 0xff, 0xfc, 0x0, 0x78, 0xff,
    0x80, 0xf, 0x7, 0xc0, 0x0, 0x0, 0x0, 0x0,
    0x0, 0x0, 0x0, 0x0, 0x0, 0x0, 0x0, 0x7,
    0xf0, 0x0, 0x1, 0xff, 0x0, 0x0, 0x3f, 0xe0,
    0x0, 0xf, 0xfc, 0x0, 0x1, 0xff, 0xc0, 0x0,
    0x3f, 0xf8, 0x0, 0xf, 0xff, 0x0, 0x1, 0xfb,
    0xf0, 0x0, 0x3e, 0x7e, 0x0, 0xf, 0xcf, 0xc0,
    0x1, 0xf9, 0xfc, 0x0, 0x3e, 0x1f, 0x80, 0xf,
    0xc3, 0xf0, 0x1, 0xf8, 0x7f, 0x0, 0x3e, 0x7,
    0xe0, 0xf, 0xc0, 0xfe, 0x1, 0xf8, 0x1f, 0xc0,
    0x7e, 0x1, 0xf8, 0xf, 0xc0, 0x3f, 0x81, 0xff,
    0xff, 0xf0, 0x7f, 0xff, 0xfe, 0xf, 0xff, 0xff,
    0xe1, 0xff, 0xff, 0xfc, 0x7e, 0x0, 0x1f, 0x8f,
    0xc0, 0x3, 0xf9, 0xf8, 0x0, 0x7f, 0x7e, 0x0,
    0x7, 0xef, 0xc0, 0x0, 0xff, 0xf8, 0x0, 0x1f,
    0xfe, 0x0, 0x1, 0xf8,

    /* U+00C4 "Ä" */
    0x1, 0xe0, 0x78, 0x0, 0x3f, 0xf, 0xc0, 0x3,
    0xf0, 0xfc, 0x0, 0x3f, 0xf, 0xc0, 0x3, 0xf0,
    0xfc, 0x0, 0x1e, 0x7, 0x80, 0x0, 0x0, 0x0,
    0x0, 0x0, 0x0, 0x0, 0x0, 0x0, 0x0, 0x0,
    0x3, 0xfc, 0x0, 0x0, 0x3f, 0xc0, 0x0, 0x7,
    0xfe, 0x0, 0x0, 0x7f, 0xe0, 0x0, 0x7, 0xfe,
    0x0, 0x0, 0xff, 0xf0, 0x0, 0xf, 0xbf, 0x0,
    0x0, 0xfb, 0xf0, 0x0, 0x1f, 0xbf, 0x80, 0x1,
    0xf9, 0xf8, 0x0, 0x3f, 0x1f, 0x80, 0x3, 0xf1,
    0xfc, 0x0, 0x3f, 0xf, 0xc0, 0x7, 0xe0, 0xfc,
    0x0, 0x7e, 0xf, 0xe0, 0x7, 0xe0, 0x7e, 0x0,
    0xfc, 0x7, 0xe0, 0xf, 0xc0, 0x7f, 0x0, 0xfc,
    0x3, 0xf0, 0x1f, 0xff, 0xff, 0x81, 0xff, 0xff,
    0xf8, 0x1f, 0xff, 0xff, 0x83, 0xff, 0xff, 0xfc,
    0x3f, 0x0, 0x1f, 0xc3, 0xf0, 0x0, 0xfc, 0x7e,
    0x0, 0xf, 0xe7, 0xe0, 0x0, 0xfe, 0xfe, 0x0,
    0x7, 0xef, 0xc0, 0x0, 0x7f, 0xfc, 0x0, 0x7,
    0xf0,

    /* U+00C5 "Å" */
    0x0, 0xf, 0xc0, 0x0, 0x3, 0xfe, 0x0, 0x0,
    0x7c, 0xf0, 0x0, 0x7, 0x8f, 0x0, 0x0, 0x78,
    0xf0, 0x0, 0x7, 0x8f, 0x0, 0x0, 0x7d, 0xf0,
    0x0, 0x3, 0xfe, 0x0, 0x0, 0x1f, 0x80, 0x0,
    0x0, 0x0, 0x0, 0x0, 0x0, 0x0, 0x0, 0x1,
    0xfc, 0x0, 0x0, 0x3f, 0xe0, 0x0, 0x3, 0xfe,
    0x0, 0x0, 0x7f, 0xe0, 0x0, 0x7, 0xff, 0x0,
    0x0, 0x7f, 0xf0, 0x0, 0xf, 0xff, 0x0, 0x0,
    0xff, 0xf8, 0x0, 0xf, 0x9f, 0x80, 0x1, 0xf9,
    0xfc, 0x0, 0x1f, 0x9f, 0xc0, 0x1, 0xf0, 0xfc,
    0x0, 0x3f, 0xf, 0xe0, 0x3, 0xf0, 0xfe, 0x0,
    0x3e, 0x7, 0xe0, 0x7, 0xe0, 0x7f, 0x0, 0x7e,
    0x7, 0xf0, 0xf, 0xc0, 0x3f, 0x0, 0xfc, 0x3,
    0xf8, 0xf, 0xff, 0xff, 0x81, 0xff, 0xff, 0xf8,
    0x1f, 0xff, 0xff, 0xc1, 0xff, 0xff, 0xfc, 0x3f,
    0x0, 0xf, 0xc3, 0xf0, 0x0, 0xfe, 0x3f, 0x0,
    0x7, 0xe7, 0xe0, 0x0, 0x7f, 0x7e, 0x0, 0x7,
    0xf7, 0xe0, 0x0, 0x3f, 0x7c, 0x0, 0x3, 0xf0,

    /* U+00C6 "Æ" */
    0x0, 0x3, 0xff, 0xff, 0xf0, 0x0, 0x3f, 0xff,
    0xff, 0x0, 0x7, 0xff, 0xff, 0xf0, 0x0, 0x7f,
    0xff, 0xff, 0x0, 0xf, 0xff, 0x0, 0x0, 0x0,
    0xfb, 0xf0, 0x0, 0x0, 0x1f, 0xbf, 0x0, 0x0,
    0x1, 0xf3, 0xf0, 0x0, 0x0, 0x3f, 0x3f, 0x0,
    0x0, 0x3, 0xe3, 0xf0, 0x0, 0x0, 0x7e, 0x3f,
    0x0, 0x0, 0x7, 0xc3, 0xf0, 0x0, 0x0, 0xfc,
    0x3f, 0xff, 0xc0, 0xf, 0x83, 0xff, 0xfc, 0x1,
    0xf8, 0x3f, 0xff, 0xc0, 0x1f, 0x3, 0xff, 0xfc,
    0x3, 0xf0, 0x3f, 0x0, 0x0, 0x3f, 0x3, 0xf0,
    0x0, 0x7, 0xe0, 0x3f, 0x0, 0x0, 0x7f, 0xff,
    0xf0, 0x0, 0xf, 0xff, 0xff, 0x0, 0x0, 0xff,
    0xff, 0xf0, 0x0, 0x1f, 0xff, 0xff, 0x0, 0x1,
    0xf8, 0x3, 0xf0, 0x0, 0x3f, 0x0, 0x3f, 0x0,
    0x3, 0xf0, 0x3, 0xf0, 0x0, 0x7e, 0x0, 0x3f,
    0xff, 0xf7, 0xe0, 0x3, 0xff, 0xff, 0xfc, 0x0,
    0x3f, 0xff, 0xff, 0xc0, 0x3, 0xff, 0xff,

    /* U+00C7 "Ç" */
    0x0, 0x0, 0x0, 0x1, 0xff, 0xe0, 0xf, 0xff,
    0xf0, 0x3f, 0xff, 0xe0, 0xff, 0xff, 0xc3, 0xf8,
    0x7, 0x8f, 0xe0, 0x3, 0x1f, 0x80, 0x0, 0x7e,
    0x0, 0x0, 0xfc, 0x0, 0x1, 0xf8, 0x0, 0x7,
    0xe0, 0x0, 0xf, 0xc0, 0x0, 0x1f, 0x80, 0x0,
    0x3f, 0x0, 0x0, 0x7e, 0x0, 0x0, 0xfc, 0x0,
    0x1, 0xf8, 0x0, 0x3, 0xf0, 0x0, 0x7, 0xf0,
    0x0, 0xf, 0xe0, 0x0, 0xf, 0xc0, 0x0, 0x1f,
    0xc0, 0x0, 0x3f, 0xc0, 0x2, 0x3f, 0xc0, 0x1c,
    0x7f, 0xf3, 0xf8, 0x7f, 0xff, 0xf0, 0x7f, 0xff,
    0xe0, 0x7f, 0xff, 0xc0, 0x3f, 0xfe, 0x0, 0x1f,
    0xe0, 0x0, 0xf, 0x80, 0x0, 0xf, 0x0, 0x0,
    0x1f, 0x0, 0x0, 0x3e, 0x0, 0xf, 0xfc, 0x0,
    0x1f, 0xf8, 0x0, 0x3f, 0xe0, 0x0, 0x3f, 0x80,
    0x0,

    /* U+00C8 "È" */
    0x2, 0x0, 0x1, 0xf8, 0x0, 0xf, 0xc0, 0x0,
    0x7e, 0x0, 0x3, 0xf0, 0x0, 0x1f, 0x80, 0x0,
    0xfc, 0x0, 0x1, 0x0, 0x0, 0x0, 0x0, 0x0,
    0x0, 0x3f, 0xff, 0xf3, 0xff, 0xff, 0x3f, 0xff,
    0xf3, 0xff, 0xff, 0x3f, 0x0, 0x3, 0xf0, 0x0,
    0x3f, 0x0, 0x3, 0xf0, 0x0, 0x3f, 0x0, 0x3,
    0xf0, 0x0, 0x3f, 0x0, 0x3, 0xf0, 0x0, 0x3f,
    0xff, 0xc3, 0xff, 0xfc, 0x3f, 0xff, 0xc3, 0xff,
    0xfc, 0x3f, 0x0, 0x3, 0xf0, 0x0, 0x3f, 0x0,
    0x3, 0xf0, 0x0, 0x3f, 0x0, 0x3, 0xf0, 0x0,
    0x3f, 0x0, 0x3, 0xf0, 0x0, 0x3f, 0x0, 0x3,
    0xf0, 0x0, 0x3f, 0xff, 0xf3, 0xff, 0xff, 0x3f,
    0xff, 0xf3, 0xff, 0xff,

    /* U+00C9 "É" */
    0x0, 0x6, 0x0, 0x7, 0xe0, 0x3, 0xf8, 0x1,
    0xf8, 0x0, 0xfc, 0x0, 0x3e, 0x0, 0x1f, 0x0,
    0x2, 0x0, 0x0, 0x0, 0x0, 0x0, 0xf, 0xff,
    0xff, 0xff, 0xff, 0xff, 0xff, 0xff, 0xff, 0xff,
    0xc0, 0x3, 0xf0, 0x0, 0xfc, 0x0, 0x3f, 0x0,
    0xf, 0xc0, 0x3, 0xf0, 0x0, 0xfc, 0x0, 0x3f,
    0x0, 0xf, 0xff, 0xf3, 0xff, 0xfc, 0xff, 0xff,
    0x3f, 0xff, 0xcf, 0xc0, 0x3, 0xf0, 0x0, 0xfc,
    0x0, 0x3f, 0x0, 0xf, 0xc0, 0x3, 0xf0, 0x0,
    0xfc, 0x0, 0x3f, 0x0, 0xf, 0xc0, 0x3, 0xf0,
    0x0, 0xff, 0xff, 0xff, 0xff, 0xff, 0xff, 0xff,
    0xff, 0xff,

    /* U+00CA "Ê" */
    0x0, 0x30, 0x0, 0x1f, 0xc0, 0x3, 0xfe, 0x0,
    0x7f, 0xf0, 0xf, 0xcf, 0x80, 0xf8, 0xfc, 0x1f,
    0x7, 0xe1, 0xc0, 0x1c, 0x0, 0x0, 0x0, 0x0,
    0x0, 0x3f, 0xff, 0xf3, 0xff, 0xff, 0x3f, 0xff,
    0xf3, 0xff, 0xff, 0x3f, 0x0, 0x3, 0xf0, 0x0,
    0x3f, 0x0, 0x3, 0xf0, 0x0, 0x3f, 0x0, 0x3,
    0xf0, 0x0, 0x3f, 0x0, 0x3, 0xf0, 0x0, 0x3f,
    0xff, 0xc3, 0xff, 0xfc, 0x3f, 0xff, 0xc3, 0xff,
    0xfc, 0x3f, 0x0, 0x3, 0xf0, 0x0, 0x3f, 0x0,
    0x3, 0xf0, 0x0, 0x3f, 0x0, 0x3, 0xf0, 0x0,
    0x3f, 0x0, 0x3, 0xf0, 0x0, 0x3f, 0x0, 0x3,
    0xf0, 0x0, 0x3f, 0xff, 0xf3, 0xff, 0xff, 0x3f,
    0xff, 0xf3, 0xff, 0xff,

    /* U+00CB "Ë" */
    0x1e, 0x7, 0x87, 0xe1, 0xf8, 0xfc, 0x3f, 0x1f,
    0x87, 0xe3, 0xf0, 0xfc, 0x3c, 0xf, 0x0, 0x0,
    0x0, 0x0, 0x0, 0x0, 0x0, 0xf, 0xff, 0xfd,
    0xff, 0xff, 0xbf, 0xff, 0xf7, 0xff, 0xfe, 0xfc,
    0x0, 0x1f, 0x80, 0x3, 0xf0, 0x0, 0x7e, 0x0,
    0xf, 0xc0, 0x1, 0xf8, 0x0, 0x3f, 0x0, 0x7,
    0xe0, 0x0, 0xff, 0xff, 0x1f, 0xff, 0xe3, 0xff,
    0xfc, 0x7f, 0xff, 0x8f, 0xc0, 0x1, 0xf8, 0x0,
    0x3f, 0x0, 0x7, 0xe0, 0x0, 0xfc, 0x0, 0x1f,
    0x80, 0x3, 0xf0, 0x0, 0x7e, 0x0, 0xf, 0xc0,
    0x1, 0xf8, 0x0, 0x3f, 0xff, 0xf7, 0xff, 0xfe,
    0xff, 0xff, 0xdf, 0xff, 0xf8,

    /* U+00CC "Ì" */
    0x6, 0x0, 0x7e, 0x1, 0xfc, 0x1, 0xf8, 0x3,
    0xf0, 0x7, 0xc0, 0xf, 0x80, 0xc, 0x0, 0x0,
    0x0, 0x0, 0x1f, 0x80, 0x7e, 0x1, 0xf8, 0x7,
    0xe0, 0x1f, 0x80, 0x7e, 0x1, 0xf8, 0x7, 0xe0,
    0x1f, 0x80, 0x7e, 0x1, 0xf8, 0x7, 0xe0, 0x1f,
    0x80, 0x7e, 0x1, 0xf8, 0x7, 0xe0, 0x1f, 0x80,
    0x7e, 0x1, 0xf8, 0x7, 0xe0, 0x1f, 0x80, 0x7e,
    0x1, 0xf8, 0x7, 0xe0, 0x1f, 0x80, 0x7e, 0x1,
    0xf8, 0x7, 0xe0, 0x1f, 0x80, 0x7e,

    /* U+00CD "Í" */
    0x0, 0x60, 0xf, 0xc0, 0xfc, 0xf, 0xc0, 0xfc,
    0xf, 0xc0, 0xfc, 0x1, 0x0, 0x0, 0x0, 0x0,
    0xf, 0xc0, 0x7e, 0x3, 0xf0, 0x1f, 0x80, 0xfc,
    0x7, 0xe0, 0x3f, 0x1, 0xf8, 0xf, 0xc0, 0x7e,
    0x3, 0xf0, 0x1f, 0x80, 0xfc, 0x7, 0xe0, 0x3f,
    0x1, 0xf8, 0xf, 0xc0, 0x7e, 0x3, 0xf0, 0x1f,
    0x80, 0xfc, 0x7, 0xe0, 0x3f, 0x1, 0xf8, 0xf,
    0xc0, 0x7e, 0x3, 0xf0, 0x1f, 0x80, 0xfc, 0x7,
    0xe0,

    /* U+00CE "Î" */
    0x0, 0x70, 0x0, 0xff, 0x0, 0x7f, 0xc0, 0x1f,
    0xf8, 0xf, 0x9f, 0x7, 0xc3, 0xe3, 0xe0, 0xfc,
    0x70, 0xe, 0x0, 0x0, 0x0, 0x0, 0x0, 0x1f,
    0x80, 0x7, 0xe0, 0x1, 0xf8, 0x0, 0x7e, 0x0,
    0x1f, 0x80, 0x7, 0xe0, 0x1, 0xf8, 0x0, 0x7e,
    0x0, 0x1f, 0x80, 0x7, 0xe0, 0x1, 0xf8, 0x0,
    0x7e, 0x0, 0x1f, 0x80, 0x7, 0xe0, 0x1, 0xf8,
    0x0, 0x7e, 0x0, 0x1f, 0x80, 0x7, 0xe0, 0x1,
    0xf8, 0x0, 0x7e, 0x0, 0x1f, 0x80, 0x7, 0xe0,
    0x1, 0xf8, 0x0, 0x7e, 0x0, 0x1f, 0x80, 0x7,
    0xe0, 0x1, 0xf8, 0x0, 0x7e, 0x0, 0x1f, 0x80,
    0x7, 0xe0,

    /* U+00CF "Ï" */
    0x1e, 0x7, 0x8f, 0xc3, 0xf3, 0xf0, 0xfc, 0xfc,
    0x3f, 0x3f, 0xf, 0xc7, 0x81, 0xe0, 0x0, 0x0,
    0x0, 0x0, 0x0, 0x0, 0x0, 0x7e, 0x0, 0x1f,
    0x80, 0x7, 0xe0, 0x1, 0xf8, 0x0, 0x7e, 0x0,
    0x1f, 0x80, 0x7, 0xe0, 0x1, 0xf8, 0x0, 0x7e,
    0x0, 0x1f, 0x80, 0x7, 0xe0, 0x1, 0xf8, 0x0,
    0x7e, 0x0, 0x1f, 0x80, 0x7, 0xe0, 0x1, 0xf8,
    0x0, 0x7e, 0x0, 0x1f, 0x80, 0x7, 0xe0, 0x1,
    0xf8, 0x0, 0x7e, 0x0, 0x1f, 0x80, 0x7, 0xe0,
    0x1, 0xf8, 0x0, 0x7e, 0x0, 0x1f, 0x80, 0x7,
    0xe0, 0x1, 0xf8, 0x0, 0x7e, 0x0, 0x1f, 0x80,

    /* U+00D0 "Ð" */
    0x1f, 0xff, 0xc0, 0x1, 0xff, 0xff, 0x80, 0x1f,
    0xff, 0xfe, 0x1, 0xff, 0xff, 0xf0, 0x1f, 0x80,
    0xff, 0x81, 0xf8, 0x3, 0xfc, 0x1f, 0x80, 0x1f,
    0xc1, 0xf8, 0x0, 0xfe, 0x1f, 0x80, 0x7, 0xe1,
    0xf8, 0x0, 0x7e, 0x1f, 0x80, 0x7, 0xf1, 0xf8,
    0x0, 0x3f, 0xff, 0xfe, 0x3, 0xff, 0xff, 0xe0,
    0x3f, 0xff, 0xfe, 0x3, 0xff, 0xff, 0xe0, 0x3f,
    0x1f, 0x80, 0x3, 0xf1, 0xf8, 0x0, 0x3f, 0x1f,
    0x80, 0x3, 0xf1, 0xf8, 0x0, 0x7f, 0x1f, 0x80,
    0x7, 0xe1, 0xf8, 0x0, 0x7e, 0x1f, 0x80, 0xf,
    0xe1, 0xf8, 0x1, 0xfc, 0x1f, 0x80, 0x3f, 0x81,
    0xf8, 0xf, 0xf8, 0x1f, 0xff, 0xff, 0x1, 0xff,
    0xff, 0xc0, 0x1f, 0xff, 0xf8, 0x1, 0xff, 0xfc,
    0x0,

    /* U+00D1 "Ñ" */
    0x1, 0xf0, 0x78, 0x3, 0xfe, 0x3c, 0x1, 0xff,
    0xfe, 0x1, 0xff, 0xfe, 0x0, 0xf1, 0xff, 0x0,
    0x78, 0x3e, 0x0, 0x0, 0x0, 0x0, 0x0, 0x0,
    0x0, 0x0, 0x0, 0x0, 0x3f, 0x80, 0xf, 0xff,
    0xe0, 0x7, 0xff, 0xf0, 0x3, 0xff, 0xfc, 0x1,
    0xff, 0xfe, 0x0, 0xff, 0xff, 0x80, 0x7f, 0xff,
    0xc0, 0x3f, 0xff, 0xf0, 0x1f, 0xfe, 0xf8, 0xf,
    0xff, 0x7e, 0x7, 0xff, 0x9f, 0x3, 0xff, 0xcf,
    0xc1, 0xff, 0xe3, 0xf0, 0xff, 0xf1, 0xf8, 0x7f,
    0xf8, 0x7e, 0x3f, 0xfc, 0x3f, 0x1f, 0xfe, 0xf,
    0xcf, 0xff, 0x7, 0xe7, 0xff, 0x81, 0xfb, 0xff,
    0xc0, 0xfd, 0xff, 0xe0, 0x3e, 0xff, 0xf0, 0x1f,
    0xff, 0xf8, 0x7, 0xff, 0xfc, 0x3, 0xff, 0xfe,
    0x0, 0xff, 0xff, 0x0, 0x7f, 0xff, 0x80, 0x1f,
    0xff, 0xc0, 0xf, 0xff, 0xe0, 0x3, 0xff, 0xf0,
    0x0, 0xfc,

    /* U+00D2 "Ò" */
    0x0, 0x40, 0x0, 0x0, 0x3f, 0x0, 0x0, 0x1,
    0xf8, 0x0, 0x0, 0xf, 0xc0, 0x0, 0x0, 0x7e,
    0x0, 0x0, 0x3, 0xf0, 0x0, 0x0, 0x1f, 0x80,
    0x0, 0x0, 0x20, 0x0, 0x0, 0x0, 0x0, 0x0,
    0x0, 0x20, 0x0, 0x0, 0xff, 0xf0, 0x0, 0x3f,
    0xff, 0xe0, 0x7, 0xff, 0xff, 0x0, 0xff, 0xff,
    0xf8, 0x1f, 0xc0, 0x3f, 0xc3, 0xf8, 0x1, 0xfc,
    0x3f, 0x0, 0xf, 0xe7, 0xe0, 0x0, 0x7e, 0x7e,
    0x0, 0x7, 0xe7, 0xe0, 0x0, 0x7f, 0xfc, 0x0,
    0x3, 0xff, 0xc0, 0x0, 0x3f, 0xfc, 0x0, 0x3,
    0xff, 0xc0, 0x0, 0x3f, 0xfc, 0x0, 0x3, 0xff,
    0xc0, 0x0, 0x3f, 0xfc, 0x0, 0x3, 0xff, 0xc0,
    0x0, 0x3f, 0xfc, 0x0, 0x3, 0xff, 0xc0, 0x0,
    0x3f, 0xfe, 0x0, 0x7, 0xe7, 0xe0, 0x0, 0x7e,
    0x7e, 0x0, 0x7, 0xe7, 0xf0, 0x0, 0xfc, 0x3f,
    0x0, 0x1f, 0xc3, 0xfc, 0x3, 0xf8, 0x1f, 0xff,
    0xff, 0x0, 0xff, 0xff, 0xe0, 0x7, 0xff, 0xfc,
    0x0, 0x1f, 0xff, 0x0, 0x0, 0xc, 0x0, 0x0,

    /* U+00D3 "Ó" */
    0x0, 0x0, 0x30, 0x0, 0x0, 0xf, 0xc0, 0x0,
    0x1, 0xf8, 0x0, 0x0, 0x3f, 0x0, 0x0, 0x7,
    0xe0, 0x0, 0x0, 0xfc, 0x0, 0x0, 0x1f, 0x80,
    0x0, 0x0, 0x40, 0x0, 0x0, 0x0, 0x0, 0x0,
    0x0, 0x20, 0x0, 0x0, 0xff, 0xf0, 0x0, 0x3f,
    0xff, 0xe0, 0x7, 0xff, 0xff, 0x0, 0xff, 0xff,
    0xf8, 0x1f, 0xc0, 0x3f, 0xc3, 0xf8, 0x1, 0xfc,
    0x3f, 0x0, 0xf, 0xe7, 0xe0, 0x0, 0x7e, 0x7e,
    0x0, 0x7, 0xe7, 0xe0, 0x0, 0x7f, 0xfc, 0x0,
    0x3, 0xff, 0xc0, 0x0, 0x3f, 0xfc, 0x0, 0x3,
    0xff, 0xc0, 0x0, 0x3f, 0xfc, 0x0, 0x3, 0xff,
    0xc0, 0x0, 0x3f, 0xfc, 0x0, 0x3, 0xff, 0xc0,
    0x0, 0x3f, 0xfc, 0x0, 0x3, 0xff, 0xc0, 0x0,
    0x3f, 0xfe, 0x0, 0x7, 0xe7, 0xe0, 0x0, 0x7e,
    0x7e, 0x0, 0x7, 0xe7, 0xf0, 0x0, 0xfc, 0x3f,
    0x0, 0x1f, 0xc3, 0xfc, 0x3, 0xf8, 0x1f, 0xff,
    0xff, 0x0, 0xff, 0xff, 0xe0, 0x7, 0xff, 0xfc,
    0x0, 0x1f, 0xff, 0x0, 0x0, 0xc, 0x0, 0x0,

    /* U+00D4 "Ô" */
    0x0, 0x7, 0x0, 0x0, 0x3, 0xfc, 0x0, 0x0,
    0x7f, 0xc0, 0x0, 0x7, 0xfe, 0x0, 0x0, 0xf9,
    0xf0, 0x0, 0x1f, 0xf, 0x80, 0x3, 0xe0, 0x7c,
    0x0, 0x1c, 0x3, 0x80, 0x0, 0x0, 0x0, 0x0,
    0x0, 0x20, 0x0, 0x0, 0xff, 0xf0, 0x0, 0x3f,
    0xff, 0xe0, 0x7, 0xff, 0xff, 0x0, 0xff, 0xff,
    0xf8, 0x1f, 0xc0, 0x3f, 0xc3, 0xf8, 0x1, 0xfc,
    0x3f, 0x0, 0xf, 0xe7, 0xe0, 0x0, 0x7e, 0x7e,
    0x0, 0x7, 0xe7, 0xe0, 0x0, 0x7f, 0xfc, 0x0,
    0x3, 0xff, 0xc0, 0x0, 0x3f, 0xfc, 0x0, 0x3,
    0xff, 0xc0, 0x0, 0x3f, 0xfc, 0x0, 0x3, 0xff,
    0xc0, 0x0, 0x3f, 0xfc, 0x0, 0x3, 0xff, 0xc0,
    0x0, 0x3f, 0xfc, 0x0, 0x3, 0xff, 0xc0, 0x0,
    0x3f, 0xfe, 0x0, 0x7, 0xe7, 0xe0, 0x0, 0x7e,
    0x7e, 0x0, 0x7, 0xe7, 0xf0, 0x0, 0xfc, 0x3f,
    0x0, 0x1f, 0xc3, 0xfc, 0x3, 0xf8, 0x1f, 0xff,
    0xff, 0x0, 0xff, 0xff, 0xe0, 0x7, 0xff, 0xfc,
    0x0, 0x1f, 0xff, 0x0, 0x0, 0xc, 0x0, 0x0,

    /* U+00D5 "Õ" */
    0x0, 0x7c, 0x1e, 0x0, 0x1f, 0xf1, 0xe0, 0x1,
    0xff, 0xfe, 0x0, 0x3f, 0xff, 0xc0, 0x3, 0xc7,
    0xfc, 0x0, 0x3c, 0x1f, 0x0, 0x0, 0x0, 0x0,
    0x0, 0x0, 0x0, 0x0, 0x0, 0x2, 0x0, 0x0,
    0xf, 0xff, 0x0, 0x3, 0xff, 0xfe, 0x0, 0x7f,
    0xff, 0xf0, 0xf, 0xff, 0xff, 0x81, 0xfc, 0x3,
    0xfc, 0x3f, 0x80, 0x1f, 0xc3, 0xf0, 0x0, 0xfe,
    0x7e, 0x0, 0x7, 0xe7, 0xe0, 0x0, 0x7e, 0x7e,
    0x0, 0x7, 0xff, 0xc0, 0x0, 0x3f, 0xfc, 0x0,
    0x3, 0xff, 0xc0, 0x0, 0x3f, 0xfc, 0x0, 0x3,
    0xff, 0xc0, 0x0, 0x3f, 0xfc, 0x0, 0x3, 0xff,
    0xc0, 0x0, 0x3f, 0xfc, 0x0, 0x3, 0xff, 0xc0,
    0x0, 0x3f, 0xfc, 0x0, 0x3, 0xff, 0xe0, 0x0,
    0x7e, 0x7e, 0x0, 0x7, 0xe7, 0xe0, 0x0, 0x7e,
    0x7f, 0x0, 0xf, 0xc3, 0xf0, 0x1, 0xfc, 0x3f,
    0xc0, 0x3f, 0x81, 0xff, 0xff, 0xf0, 0xf, 0xff,
    0xfe, 0x0, 0x7f, 0xff, 0xc0, 0x1, 0xff, 0xf0,
    0x0, 0x0, 0xc0, 0x0,

    /* U+00D6 "Ö" */
    0x1, 0xe0, 0x3c, 0x0, 0x3f, 0x7, 0xe0, 0x3,
    0xf0, 0x7e, 0x0, 0x3f, 0x7, 0xe0, 0x3, 0xf0,
    0x7e, 0x0, 0x1e, 0x3, 0xc0, 0x0, 0x0, 0x0,
    0x0, 0x0, 0x0, 0x0, 0x0, 0x2, 0x0, 0x0,
    0xf, 0xff, 0x0, 0x3, 0xff, 0xfe, 0x0, 0x7f,
    0xff, 0xf0, 0xf, 0xff, 0xff, 0x81, 0xfc, 0x3,
    0xfc, 0x3f, 0x80, 0x1f, 0xc3, 0xf0, 0x0, 0xfe,
    0x7e, 0x0, 0x7, 0xe7, 0xe0, 0x0, 0x7e, 0x7e,
    0x0, 0x7, 0xff, 0xc0, 0x0, 0x3f, 0xfc, 0x0,
    0x3, 0xff, 0xc0, 0x0, 0x3f, 0xfc, 0x0, 0x3,
    0xff, 0xc0, 0x0, 0x3f, 0xfc, 0x0, 0x3, 0xff,
    0xc0, 0x0, 0x3f, 0xfc, 0x0, 0x3, 0xff, 0xc0,
    0x0, 0x3f, 0xfc, 0x0, 0x3, 0xff, 0xe0, 0x0,
    0x7e, 0x7e, 0x0, 0x7, 0xe7, 0xe0, 0x0, 0x7e,
    0x7f, 0x0, 0xf, 0xc3, 0xf0, 0x1, 0xfc, 0x3f,
    0xc0, 0x3f, 0x81, 0xff, 0xff, 0xf0, 0xf, 0xff,
    0xfe, 0x0, 0x7f, 0xff, 0xc0, 0x1, 0xff, 0xf0,
    0x0, 0x0, 0xc0, 0x0,

    /* U+00D7 "×" */
    0x30, 0x0, 0xc7, 0x80, 0x1e, 0xfc, 0x3, 0xff,
    0xe0, 0x7f, 0x7f, 0xf, 0xe3, 0xf9, 0xfc, 0x1f,
    0xff, 0x80, 0xff, 0xf0, 0x7, 0xfe, 0x0, 0x3f,
    0xc0, 0x3, 0xfc, 0x0, 0x7f, 0xe0, 0xf, 0xff,
    0x1, 0xff, 0xf8, 0x3f, 0x9f, 0xc7, 0xf0, 0xfe,
    0xfe, 0x7, 0xff, 0xc0, 0x3f, 0x78, 0x1, 0xe3,
    0x0, 0xc,

    /* U+00D8 "Ø" */
    0x0, 0x0, 0x0, 0x80, 0x0, 0x0, 0x3f, 0x0,
    0x0, 0x1, 0xf0, 0x0, 0x0, 0xf, 0x80, 0x0,
    0x0, 0xf8, 0x0, 0x0, 0x7, 0xc0, 0x1, 0xff,
    0xfc, 0x0, 0x3f, 0xff, 0xe0, 0x7, 0xff, 0xff,
    0x80, 0x7f, 0xff, 0xfe, 0x7, 0xf0, 0x1f, 0xf8,
    0x7f, 0x1, 0xff, 0xc3, 0xf0, 0xf, 0xff, 0x3f,
    0x0, 0xff, 0xf9, 0xf8, 0x7, 0xcf, 0xcf, 0xc0,
    0x7e, 0x7f, 0xfc, 0x3, 0xe1, 0xff, 0xe0, 0x3f,
    0xf, 0xff, 0x1, 0xf0, 0x7f, 0xf8, 0x1f, 0x83,
    0xff, 0xc0, 0xf8, 0x1f, 0xfe, 0x7, 0xc0, 0xff,
    0xf0, 0x7c, 0x7, 0xff, 0x83, 0xe0, 0x3f, 0xfc,
    0x3e, 0x1, 0xff, 0xe1, 0xf0, 0xf, 0xbf, 0x9f,
    0x0, 0xfc, 0xfc, 0xf8, 0x7, 0xe7, 0xef, 0xc0,
    0x3f, 0x3f, 0xfc, 0x3, 0xf0, 0xff, 0xe0, 0x3f,
    0x87, 0xfe, 0x3, 0xf8, 0x1f, 0xff, 0xff, 0x80,
    0x7f, 0xff, 0xf8, 0x1, 0xff, 0xff, 0x0, 0xf,
    0xff, 0xe0, 0x0, 0xf8, 0x60, 0x0, 0x7, 0xc0,
    0x0, 0x0, 0x7c, 0x0, 0x0, 0x7, 0xe0, 0x0,
    0x0, 0x3e, 0x0, 0x0, 0x0,

    /* U+00D9 "Ù" */
    0x1, 0x80, 0x0, 0x7, 0xf0, 0x0, 0x1, 0xf8,
    0x0, 0x0, 0x7e, 0x0, 0x0, 0x1f, 0x80, 0x0,
    0x3, 0xe0, 0x0, 0x0, 0xf8, 0x0, 0x0, 0x10,
    0x0, 0x0, 0x0, 0x0, 0x0, 0x0, 0x0, 0x3f,
    0x0, 0x7, 0xff, 0x80, 0x3, 0xff, 0xc0, 0x1,
    0xff, 0xe0, 0x0, 0xff, 0xf0, 0x0, 0x7f, 0xf8,
    0x0, 0x3f, 0xfc, 0x0, 0x1f, 0xfe, 0x0, 0xf,
    0xff, 0x0, 0x7, 0xff, 0x80, 0x3, 0xff, 0xc0,
    0x1, 0xff, 0xe0, 0x0, 0xff, 0xf0, 0x0, 0x7f,
    0xf8, 0x0, 0x3f, 0xfc, 0x0, 0x1f, 0xfe, 0x0,
    0xf, 0xff, 0x0, 0x7, 0xff, 0x80, 0x3, 0xff,
    0xc0, 0x1, 0xff, 0xe0, 0x0, 0xff, 0xf0, 0x0,
    0x7f, 0xf8, 0x0, 0x3f, 0xfc, 0x0, 0x1f, 0xbf,
    0x0, 0x1f, 0x9f, 0xc0, 0x1f, 0xcf, 0xf0, 0x1f,
    0xc3, 0xff, 0xff, 0xe0, 0xff, 0xff, 0xe0, 0x3f,
    0xff, 0xc0, 0x7, 0xff, 0x80, 0x0, 0x18, 0x0,
    0x0,

    /* U+00DA "Ú" */
    0x0, 0x0, 0x40, 0x0, 0x1, 0xfc, 0x0, 0x1,
    0xfc, 0x0, 0x0, 0xfc, 0x0, 0x0, 0xfc, 0x0,
    0x0, 0xf8, 0x0, 0x0, 0xf8, 0x0, 0x0, 0x30,
    0x0, 0x0, 0x0, 0x0, 0x0, 0x0, 0x0, 0x3f,
    0x0, 0x7, 0xff, 0x80, 0x3, 0xff, 0xc0, 0x1,
    0xff, 0xe0, 0x0, 0xff, 0xf0, 0x0, 0x7f, 0xf8,
    0x0, 0x3f, 0xfc, 0x0, 0x1f, 0xfe, 0x0, 0xf,
    0xff, 0x0, 0x7, 0xff, 0x80, 0x3, 0xff, 0xc0,
    0x1, 0xff, 0xe0, 0x0, 0xff, 0xf0, 0x0, 0x7f,
    0xf8, 0x0, 0x3f, 0xfc, 0x0, 0x1f, 0xfe, 0x0,
    0xf, 0xff, 0x0, 0x7, 0xff, 0x80, 0x3, 0xff,
    0xc0, 0x1, 0xff, 0xe0, 0x0, 0xff, 0xf0, 0x0,
    0x7f, 0xf8, 0x0, 0x3f, 0xfc, 0x0, 0x1f, 0xbf,
    0x0, 0x1f, 0x9f, 0xc0, 0x1f, 0xcf, 0xf0, 0x1f,
    0xc3, 0xff, 0xff, 0xe0, 0xff, 0xff, 0xe0, 0x3f,
    0xff, 0xc0, 0x7, 0xff, 0x80, 0x0, 0x18, 0x0,
    0x0,

    /* U+00DB "Û" */
    0x0, 0x1c, 0x0, 0x0, 0x3f, 0x80, 0x0, 0x3f,
    0xe0, 0x0, 0x3f, 0xf8, 0x0, 0x3f, 0x7e, 0x0,
    0x3f, 0x1f, 0x80, 0x3f, 0x7, 0xe0, 0xe, 0x0,
    0xc0, 0x0, 0x0, 0x0, 0x0, 0x0, 0x0, 0x3f,
    0x0, 0x7, 0xff, 0x80, 0x3, 0xff, 0xc0, 0x1,
    0xff, 0xe0, 0x0, 0xff, 0xf0, 0x0, 0x7f, 0xf8,
    0x0, 0x3f, 0xfc, 0x0, 0x1f, 0xfe, 0x0, 0xf,
    0xff, 0x0, 0x7, 0xff, 0x80, 0x3, 0xff, 0xc0,
    0x1, 0xff, 0xe0, 0x0, 0xff, 0xf0, 0x0, 0x7f,
    0xf8, 0x0, 0x3f, 0xfc, 0x0, 0x1f, 0xfe, 0x0,
    0xf, 0xff, 0x0, 0x7, 0xff, 0x80, 0x3, 0xff,
    0xc0, 0x1, 0xff, 0xe0, 0x0, 0xff, 0xf0, 0x0,
    0x7f, 0xf8, 0x0, 0x3f, 0xfc, 0x0, 0x1f, 0xbf,
    0x0, 0x1f, 0x9f, 0xc0, 0x1f, 0xcf, 0xf0, 0x1f,
    0xc3, 0xff, 0xff, 0xe0, 0xff, 0xff, 0xe0, 0x3f,
    0xff, 0xc0, 0x7, 0xff, 0x80, 0x0, 0x18, 0x0,
    0x0,

    /* U+00DC "Ü" */
    0x7, 0x81, 0xe0, 0x7, 0xe1, 0xf8, 0x3, 0xf0,
    0xfc, 0x1, 0xf8, 0x7e, 0x0, 0xfc, 0x3f, 0x0,
    0x3c, 0xf, 0x0, 0x0, 0x0, 0x0, 0x0, 0x0,
    0x0, 0x0, 0x0, 0x0, 0x7e, 0x0, 0xf, 0xff,
    0x0, 0x7, 0xff, 0x80, 0x3, 0xff, 0xc0, 0x1,
    0xff, 0xe0, 0x0, 0xff, 0xf0, 0x0, 0x7f, 0xf8,
    0x0, 0x3f, 0xfc, 0x0, 0x1f, 0xfe, 0x0, 0xf,
    0xff, 0x0, 0x7, 0xff, 0x80, 0x3, 0xff, 0xc0,
    0x1, 0xff, 0xe0, 0x0, 0xff, 0xf0, 0x0, 0x7f,
    0xf8, 0x0, 0x3f, 0xfc, 0x0, 0x1f, 0xfe, 0x0,
    0xf, 0xff, 0x0, 0x7, 0xff, 0x80, 0x3, 0xff,
    0xc0, 0x1, 0xff, 0xe0, 0x0, 0xff, 0xf0, 0x0,
    0x7f, 0xf8, 0x0, 0x3f, 0x7e, 0x0, 0x3f, 0x3f,
    0x80, 0x3f, 0x9f, 0xe0, 0x3f, 0x87, 0xff, 0xff,
    0xc1, 0xff, 0xff, 0xc0, 0x7f, 0xff, 0x80, 0xf,
    0xff, 0x0, 0x0, 0x30, 0x0,

    /* U+00DD "Ý" */
    0x0, 0x0, 0x60, 0x0, 0x1, 0xf8, 0x0, 0x3,
    0xf0, 0x0, 0x7, 0xe0, 0x0, 0xf, 0xc0, 0x0,
    0x1f, 0x80, 0x0, 0x1f, 0x0, 0x0, 0x8, 0x0,
    0x0, 0x0, 0x0, 0x0, 0x0, 0x0, 0xfe, 0x0,
    0x3f, 0xfe, 0x0, 0x7f, 0x7f, 0x0, 0x7e, 0x7f,
    0x0, 0xfe, 0x3f, 0x0, 0xfc, 0x3f, 0x81, 0xfc,
    0x1f, 0x81, 0xf8, 0x1f, 0xc3, 0xf8, 0xf, 0xc3,
    0xf0, 0xf, 0xe3, 0xf0, 0x7, 0xe7, 0xe0, 0x7,
    0xf7, 0xe0, 0x3, 0xff, 0xc0, 0x3, 0xff, 0xc0,
    0x1, 0xff, 0x80, 0x1, 0xff, 0x80, 0x0, 0xff,
    0x0, 0x0, 0xff, 0x0, 0x0, 0x7e, 0x0, 0x0,
    0x7e, 0x0, 0x0, 0x7e, 0x0, 0x0, 0x7e, 0x0,
    0x0, 0x7e, 0x0, 0x0, 0x7e, 0x0, 0x0, 0x7e,
    0x0, 0x0, 0x7e, 0x0, 0x0, 0x7e, 0x0, 0x0,
    0x7e, 0x0, 0x0, 0x7e, 0x0, 0x0, 0x7e, 0x0,

    /* U+00DE "Þ" */
    0xfc, 0x0, 0x7, 0xe0, 0x0, 0x3f, 0x0, 0x1,
    0xf8, 0x0, 0xf, 0xc0, 0x0, 0x7f, 0xfe, 0x3,
    0xff, 0xfe, 0x1f, 0xff, 0xf8, 0xff, 0xff, 0xe7,
    0xe0, 0x7f, 0xbf, 0x0, 0xfd, 0xf8, 0x7, 0xff,
    0xc0, 0x1f, 0xfe, 0x0, 0xff, 0xf0, 0x7, 0xff,
    0x80, 0x3f, 0xfc, 0x1, 0xff, 0xe0, 0x1f, 0xbf,
    0x0, 0xfd, 0xf8, 0x1f, 0xcf, 0xff, 0xfe, 0x7f,
    0xff, 0xe3, 0xff, 0xfc, 0x1f, 0xff, 0x80, 0xfc,
    0x0, 0x7, 0xe0, 0x0, 0x3f, 0x0, 0x1, 0xf8,
    0x0, 0xf, 0xc0, 0x0, 0x7e, 0x0, 0x0,

    /* U+00DF "ß" */
    0x1, 0xfc, 0x0, 0x3f, 0xfc, 0x1, 0xff, 0xfc,
    0xf, 0xff, 0xf8, 0x7f, 0xf, 0xe1, 0xf8, 0x1f,
    0xcf, 0xc0, 0x3f, 0x3f, 0x0, 0xfc, 0xfc, 0x3,
    0xf3, 0xf0, 0xf, 0xcf, 0xc0, 0xff, 0x3f, 0x7,
    0xfc, 0xfc, 0x3f, 0xe3, 0xf1, 0xfe, 0xf, 0xc7,
    0xe0, 0x3f, 0x1f, 0x80, 0xfc, 0x7e, 0x3, 0xf1,
    0xfc, 0xf, 0xc7, 0xf8, 0x3f, 0xf, 0xf0, 0xfc,
    0x3f, 0xe3, 0xf0, 0x7f, 0xcf, 0xc0, 0xff, 0xbf,
    0x0, 0xff, 0xfc, 0x1, 0xff, 0xf0, 0x3, 0xff,
    0xc0, 0xf, 0xff, 0x0, 0x3f, 0xfc, 0x1, 0xff,
    0xf1, 0xff, 0xef, 0xc7, 0xff, 0xbf, 0x1f, 0xfc,
    0xfc, 0x3f, 0xc0, 0x0, 0x10, 0x0,

    /* U+00E0 "à" */
    0x1f, 0x80, 0x3, 0xf0, 0x0, 0x3f, 0x0, 0x3,
    0xe0, 0x0, 0x3e, 0x0, 0x7, 0xe0, 0x0, 0x7c,
    0x0, 0x7, 0xc0, 0x0, 0x0, 0x0, 0x0, 0x0,
    0x0, 0x0, 0x7, 0xff, 0x3, 0xff, 0xf8, 0xff,
    0xff, 0x9f, 0xff, 0xf3, 0xc0, 0x7f, 0x20, 0x7,
    0xe0, 0x0, 0xfc, 0x0, 0x1f, 0x80, 0x3, 0xf0,
    0x3f, 0xfe, 0x3f, 0xff, 0xcf, 0xff, 0xfb, 0xf8,
    0x3f, 0xfe, 0x7, 0xff, 0x80, 0xff, 0xf0, 0x1f,
    0xfe, 0x7, 0xff, 0xe1, 0xff, 0xff, 0xff, 0xdf,
    0xff, 0xf9, 0xff, 0xdf, 0x1f, 0xf3, 0xe0, 0x20,
    0x0,

    /* U+00E1 "á" */
    0x0, 0x1f, 0x80, 0x3, 0xf0, 0x0, 0xfc, 0x0,
    0x3f, 0x0, 0x7, 0xc0, 0x1, 0xf0, 0x0, 0x3e,
    0x0, 0xf, 0x80, 0x0, 0x0, 0x0, 0x0, 0x0,
    0x0, 0x0, 0x7, 0xff, 0x3, 0xff, 0xf8, 0xff,
    0xff, 0x9f, 0xff, 0xf3, 0xc0, 0x7f, 0x20, 0x7,
    0xe0, 0x0, 0xfc, 0x0, 0x1f, 0x80, 0x3, 0xf0,
    0x3f, 0xfe, 0x3f, 0xff, 0xcf, 0xff, 0xfb, 0xf8,
    0x3f, 0xfe, 0x7, 0xff, 0x80, 0xff, 0xf0, 0x1f,
    0xfe, 0x7, 0xff, 0xe1, 0xff, 0xff, 0xff, 0xdf,
    0xff, 0xf9, 0xff, 0xdf, 0x1f, 0xf3, 0xe0, 0x20,
    0x0,

    /* U+00E2 "â" */
    0x1, 0xf8, 0x0, 0x3f, 0x80, 0xf, 0xf0, 0x3,
    0xff, 0x0, 0x7d, 0xf0, 0x1f, 0x1e, 0x7, 0xc3,
    0xe0, 0xf8, 0x3c, 0x0, 0x0, 0x0, 0x0, 0x0,
    0x0, 0x0, 0x7, 0xff, 0x3, 0xff, 0xf8, 0xff,
    0xff, 0x9f, 0xff, 0xf3, 0xc0, 0x7f, 0x20, 0x7,
    0xe0, 0x0, 0xfc, 0x0, 0x1f, 0x80, 0x3, 0xf0,
    0x3f, 0xfe, 0x3f, 0xff, 0xcf, 0xff, 0xfb, 0xf8,
    0x3f, 0xfe, 0x7, 0xff, 0x80, 0xff, 0xf0, 0x1f,
    0xfe, 0x7, 0xff, 0xe1, 0xff, 0xff, 0xff, 0xdf,
    0xff, 0xf9, 0xff, 0xdf, 0x1f, 0xf3, 0xe0, 0x20,
    0x0,

    /* U+00E3 "ã" */
    0x3, 0xc0, 0xf0, 0xff, 0xf, 0xf, 0xf8, 0xf1,
    0xff, 0xff, 0x1e, 0x3f, 0xe1, 0xe1, 0xfe, 0x1e,
    0x7, 0x80, 0x0, 0x0, 0x0, 0x0, 0x0, 0x0,
    0x0, 0x0, 0x0, 0x0, 0x7f, 0xf0, 0x1f, 0xff,
    0xc3, 0xff, 0xfe, 0x3f, 0xff, 0xe3, 0xc0, 0x7f,
    0x10, 0x3, 0xf0, 0x0, 0x3f, 0x0, 0x3, 0xf0,
    0x0, 0x3f, 0x1, 0xff, 0xf0, 0xff, 0xff, 0x1f,
    0xff, 0xf3, 0xf8, 0x3f, 0x7f, 0x3, 0xf7, 0xe0,
    0x3f, 0x7e, 0x3, 0xf7, 0xe0, 0x7f, 0x7f, 0xf,
    0xf7, 0xff, 0xff, 0x3f, 0xff, 0xf1, 0xff, 0xdf,
    0xf, 0xf9, 0xf0, 0x8, 0x0,

    /* U+00E4 "ä" */
    0xf, 0x7, 0x83, 0xf1, 0xf8, 0x7e, 0x3f, 0xf,
    0xc7, 0xe1, 0xf8, 0xfc, 0x1e, 0xf, 0x0, 0x0,
    0x0, 0x0, 0x0, 0x0, 0x0, 0x0, 0x0, 0x0,
    0x3f, 0xf8, 0x1f, 0xff, 0xc7, 0xff, 0xfc, 0xff,
    0xff, 0x9e, 0x3, 0xf9, 0x0, 0x3f, 0x0, 0x7,
    0xe0, 0x0, 0xfc, 0x0, 0x1f, 0x81, 0xff, 0xf1,
    0xff, 0xfe, 0x7f, 0xff, 0xdf, 0xc1, 0xff, 0xf0,
    0x3f, 0xfc, 0x7, 0xff, 0x80, 0xff, 0xf0, 0x3f,
    0xff, 0xf, 0xff, 0xff, 0xfe, 0xff, 0xff, 0xcf,
    0xfe, 0xf8, 0xff, 0x9f, 0x1, 0x0, 0x0,

    /* U+00E5 "å" */
    0x0, 0xfc, 0x0, 0x7f, 0xc0, 0x1f, 0x7c, 0x3,
    0xc7, 0x80, 0x78, 0xf0, 0xf, 0x1e, 0x1, 0xf7,
    0xc0, 0x1f, 0xf0, 0x1, 0xf8, 0x0, 0x0, 0x0,
    0x0, 0x0, 0x0, 0x0, 0x0, 0xff, 0xe0, 0x7f,
    0xff, 0x1f, 0xff, 0xf3, 0xff, 0xfe, 0x78, 0xf,
    0xe4, 0x0, 0xfc, 0x0, 0x1f, 0x80, 0x3, 0xf0,
    0x0, 0x7e, 0x7, 0xff, 0xc7, 0xff, 0xf9, 0xff,
    0xff, 0x7f, 0x7, 0xff, 0xc0, 0xff, 0xf0, 0x1f,
    0xfe, 0x3, 0xff, 0xc0, 0xff, 0xfc, 0x3f, 0xff,
    0xff, 0xfb, 0xff, 0xff, 0x3f, 0xfb, 0xe3, 0xfe,
    0x7c, 0x4, 0x0, 0x0,

    /* U+00E6 "æ" */
    0x0, 0x0, 0x0, 0x0, 0x3, 0xff, 0x87, 0xfe,
    0x3, 0xff, 0xf3, 0xff, 0xe1, 0xff, 0xff, 0xff,
    0xfc, 0x7f, 0xff, 0xff, 0xff, 0x9e, 0x3, 0xfe,
    0xf, 0xe2, 0x0, 0x7f, 0x1, 0xf8, 0x0, 0x1f,
    0x80, 0x3f, 0x0, 0x7, 0xe0, 0xf, 0xc0, 0x1,
    0xf8, 0x3, 0xf0, 0x3f, 0xff, 0xff, 0xfc, 0x7f,
    0xff, 0xff, 0xff, 0x3f, 0xff, 0xff, 0xff, 0xdf,
    0xc1, 0xf8, 0x0, 0xf, 0xe0, 0x7e, 0x0, 0x3,
    0xf0, 0x1f, 0x80, 0x0, 0xfc, 0x7, 0xf0, 0x0,
    0x3f, 0x1, 0xfc, 0x0, 0xf, 0xe1, 0xff, 0x80,
    0x3b, 0xff, 0xff, 0xff, 0xfe, 0x7f, 0xfe, 0xff,
    0xff, 0x8f, 0xff, 0x1f, 0xff, 0xe1, 0xff, 0x3,
    0xff, 0xe0, 0x4, 0x0, 0x6, 0x0,

    /* U+00E7 "ç" */
    0x0, 0x0, 0x1, 0xff, 0x3, 0xff, 0xe3, 0xff,
    0xf3, 0xff, 0xfb, 0xf8, 0x1d, 0xf8, 0x0, 0xfc,
    0x0, 0xfc, 0x0, 0x7e, 0x0, 0x3f, 0x0, 0x1f,
    0x80, 0xf, 0xc0, 0x7, 0xe0, 0x3, 0xf0, 0x1,
    0xfc, 0x0, 0x7e, 0x1, 0xbf, 0x81, 0xdf, 0xff,
    0xe7, 0xff, 0xf1, 0xff, 0xf8, 0x7f, 0xf8, 0xf,
    0xe0, 0x3, 0xe0, 0x0, 0xf0, 0x0, 0x7c, 0x0,
    0x3e, 0x3, 0xff, 0x1, 0xff, 0x80, 0xff, 0x80,
    0x3f, 0x80,

    /* U+00E8 "è" */
    0x1f, 0x80, 0x0, 0x7c, 0x0, 0x3, 0xf0, 0x0,
    0xf, 0xc0, 0x0, 0x3e, 0x0, 0x0, 0xf8, 0x0,
    0x7, 0xc0, 0x0, 0x1f, 0x0, 0x0, 0x0, 0x0,
    0x0, 0x0, 0x0, 0x0, 0x0, 0x7, 0xfe, 0x0,
    0xff, 0xfc, 0xf, 0xff, 0xf0, 0xff, 0xff, 0xc7,
    0xe0, 0x7e, 0x7e, 0x3, 0xf3, 0xe0, 0xf, 0xff,
    0x0, 0x7f, 0xff, 0xff, 0xff, 0xff, 0xff, 0xff,
    0xff, 0xff, 0xff, 0xff, 0xff, 0x80, 0x0, 0xfc,
    0x0, 0x7, 0xe0, 0x0, 0x3f, 0x80, 0x0, 0xfc,
    0x0, 0x7, 0xf0, 0x7, 0x1f, 0xff, 0xf8, 0x7f,
    0xff, 0xc1, 0xff, 0xfe, 0x7, 0xff, 0xc0, 0x1,
    0x80, 0x0,

    /* U+00E9 "é" */
    0x0, 0xf, 0x80, 0x0, 0xfc, 0x0, 0xf, 0xc0,
    0x0, 0x7c, 0x0, 0x7, 0xe0, 0x0, 0x3e, 0x0,
    0x3, 0xe0, 0x0, 0x1e, 0x0, 0x0, 0x0, 0x0,
    0x0, 0x0, 0x0, 0x0, 0x0, 0x7, 0xfe, 0x0,
    0xff, 0xfc, 0xf, 0xff, 0xf0, 0xff, 0xff, 0xc7,
    0xe0, 0x7e, 0x7e, 0x3, 0xf3, 0xe0, 0xf, 0xff,
    0x0, 0x7f, 0xff, 0xff, 0xff, 0xff, 0xff, 0xff,
    0xff, 0xff, 0xff, 0xff, 0xff, 0x80, 0x0, 0xfc,
    0x0, 0x7, 0xe0, 0x0, 0x3f, 0x80, 0x0, 0xfc,
    0x0, 0x7, 0xf0, 0x7, 0x1f, 0xff, 0xf8, 0x7f,
    0xff, 0xc1, 0xff, 0xfe, 0x7, 0xff, 0xc0, 0x1,
    0x80, 0x0,

    /* U+00EA "ê" */
    0x0, 0xf8, 0x0, 0xf, 0xe0, 0x0, 0xff, 0x80,
    0x7, 0xbc, 0x0, 0x7d, 0xf0, 0x7, 0xc7, 0xc0,
    0x3e, 0x1e, 0x3, 0xe0, 0xf8, 0x0, 0x0, 0x0,
    0x0, 0x0, 0x0, 0x0, 0x0, 0x7, 0xfe, 0x0,
    0xff, 0xfc, 0xf, 0xff, 0xf0, 0xff, 0xff, 0xc7,
    0xe0, 0x7e, 0x7e, 0x3, 0xf3, 0xe0, 0xf, 0xff,
    0x0, 0x7f, 0xff, 0xff, 0xff, 0xff, 0xff, 0xff,
    0xff, 0xff, 0xff, 0xff, 0xff, 0x80, 0x0, 0xfc,
    0x0, 0x7, 0xe0, 0x0, 0x3f, 0x80, 0x0, 0xfc,
    0x0, 0x7, 0xf0, 0x7, 0x1f, 0xff, 0xf8, 0x7f,
    0xff, 0xc1, 0xff, 0xfe, 0x7, 0xff, 0xc0, 0x1,
    0x80, 0x0,

    /* U+00EB "ë" */
    0xf, 0x7, 0x80, 0xfc, 0x7e, 0x7, 0xe3, 0xf0,
    0x3f, 0x1f, 0x81, 0xf8, 0xfc, 0x7, 0x83, 0xc0,
    0x0, 0x0, 0x0, 0x0, 0x0, 0x0, 0x0, 0x0,
    0x0, 0x0, 0x0, 0xff, 0xc0, 0x1f, 0xff, 0x81,
    0xff, 0xfe, 0x1f, 0xff, 0xf8, 0xfc, 0xf, 0xcf,
    0xc0, 0x7e, 0x7c, 0x1, 0xff, 0xe0, 0xf, 0xff,
    0xff, 0xff, 0xff, 0xff, 0xff, 0xff, 0xff, 0xff,
    0xff, 0xff, 0xf0, 0x0, 0x1f, 0x80, 0x0, 0xfc,
    0x0, 0x7, 0xf0, 0x0, 0x1f, 0x80, 0x0, 0xfe,
    0x0, 0xe3, 0xff, 0xff, 0xf, 0xff, 0xf8, 0x3f,
    0xff, 0xc0, 0xff, 0xf8, 0x0, 0x30, 0x0,

    /* U+00EC "ì" */
    0x3f, 0x1, 0xf8, 0x1f, 0x80, 0xfc, 0x7, 0xc0,
    0x3e, 0x3, 0xe0, 0x1f, 0x0, 0x0, 0x0, 0x0,
    0x0, 0x3f, 0x3, 0xf0, 0x3f, 0x3, 0xf0, 0x3f,
    0x3, 0xf0, 0x3f, 0x3, 0xf0, 0x3f, 0x3, 0xf0,
    0x3f, 0x3, 0xf0, 0x3f, 0x3, 0xf0, 0x3f, 0x3,
    0xf0, 0x3f, 0x3, 0xf0, 0x3f, 0x3, 0xf0, 0x3f,
    0x3, 0xf0,

    /* U+00ED "í" */
    0x3, 0xe0, 0x7e, 0x7, 0xe0, 0xfc, 0xf, 0x81,
    0xf0, 0x3e, 0x3, 0xe0, 0x0, 0x0, 0x0, 0x0,
    0x3, 0xf0, 0x3f, 0x3, 0xf0, 0x3f, 0x3, 0xf0,
    0x3f, 0x3, 0xf0, 0x3f, 0x3, 0xf0, 0x3f, 0x3,
    0xf0, 0x3f, 0x3, 0xf0, 0x3f, 0x3, 0xf0, 0x3f,
    0x3, 0xf0, 0x3f, 0x3, 0xf0, 0x3f, 0x3, 0xf0,
    0x3f, 0x0,

    /* U+00EE "î" */
    0x1, 0xf8, 0x1, 0xfe, 0x0, 0xff, 0x0, 0xff,
    0xc0, 0x79, 0xf0, 0x7c, 0xf8, 0x7c, 0x3e, 0x3c,
    0xf, 0x0, 0x0, 0x0, 0x0, 0x0, 0x0, 0x0,
    0x3f, 0x0, 0x1f, 0x80, 0xf, 0xc0, 0x7, 0xe0,
    0x3, 0xf0, 0x1, 0xf8, 0x0, 0xfc, 0x0, 0x7e,
    0x0, 0x3f, 0x0, 0x1f, 0x80, 0xf, 0xc0, 0x7,
    0xe0, 0x3, 0xf0, 0x1, 0xf8, 0x0, 0xfc, 0x0,
    0x7e, 0x0, 0x3f, 0x0, 0x1f, 0x80, 0xf, 0xc0,
    0x7, 0xe0, 0x3, 0xf0, 0x1, 0xf8, 0x0,

    /* U+00EF "ï" */
    0x1e, 0x1e, 0x3f, 0x3f, 0x3f, 0x3f, 0x3f, 0x3f,
    0x3f, 0x3f, 0x1e, 0x1e, 0x0, 0x0, 0x0, 0x0,
    0x0, 0x0, 0x0, 0x0, 0x3, 0xf0, 0x3, 0xf0,
    0x3, 0xf0, 0x3, 0xf0, 0x3, 0xf0, 0x3, 0xf0,
    0x3, 0xf0, 0x3, 0xf0, 0x3, 0xf0, 0x3, 0xf0,
    0x3, 0xf0, 0x3, 0xf0, 0x3, 0xf0, 0x3, 0xf0,
    0x3, 0xf0, 0x3, 0xf0, 0x3, 0xf0, 0x3, 0xf0,
    0x3, 0xf0, 0x3, 0xf0, 0x3, 0xf0, 0x3, 0xf0,

    /* U+00F0 "ð" */
    0x3, 0xf0, 0x0, 0x1f, 0xc3, 0xc0, 0x7f, 0xfe,
    0x1, 0xff, 0xf0, 0x3f, 0xff, 0x7, 0xff, 0xc0,
    0x3f, 0xfe, 0x1, 0xf3, 0xf8, 0xc, 0xf, 0xc0,
    0x0, 0x3f, 0x0, 0x1, 0xf8, 0xf, 0xf7, 0xe1,
    0xff, 0xff, 0x1f, 0xff, 0xf8, 0xff, 0xff, 0xef,
    0xe0, 0xff, 0x7e, 0x3, 0xfb, 0xf0, 0xf, 0xff,
    0x0, 0x7f, 0xf8, 0x3, 0xff, 0xc0, 0x1f, 0xfe,
    0x0, 0xff, 0xf0, 0x7, 0xff, 0x80, 0x3f, 0xfc,
    0x1, 0xff, 0xe0, 0x1f, 0xbf, 0x80, 0xfc, 0xfc,
    0x7, 0xe7, 0xf0, 0x7e, 0x1f, 0xff, 0xf0, 0xff,
    0xff, 0x3, 0xff, 0xf0, 0x7, 0xfe, 0x0, 0x3,
    0x0, 0x0,

    /* U+00F1 "ñ" */
    0x3, 0xc0, 0xf0, 0x7f, 0x87, 0x83, 0xfe, 0x3c,
    0x3f, 0xff, 0xe1, 0xe3, 0xfe, 0xf, 0xf, 0xf0,
    0x78, 0x1e, 0x0, 0x0, 0x0, 0x0, 0x0, 0x0,
    0x0, 0x0, 0x0, 0x1, 0x0, 0xf8, 0xff, 0x87,
    0xdf, 0xfe, 0x3f, 0xff, 0xf9, 0xff, 0xff, 0xcf,
    0xf0, 0x7f, 0x7f, 0x3, 0xfb, 0xf0, 0xf, 0xdf,
    0x80, 0x7e, 0xfc, 0x3, 0xf7, 0xe0, 0x1f, 0xbf,
    0x0, 0xfd, 0xf8, 0x7, 0xef, 0xc0, 0x3f, 0x7e,
    0x1, 0xfb, 0xf0, 0xf, 0xdf, 0x80, 0x7e, 0xfc,
    0x3, 0xf7, 0xe0, 0x1f, 0xbf, 0x0, 0xfd, 0xf8,
    0x7, 0xef, 0xc0, 0x3f, 0x7e, 0x1, 0xf8,

    /* U+00F2 "ò" */
    0xf, 0xc0, 0x0, 0x3f, 0x0, 0x0, 0x7e, 0x0,
    0x0, 0xfc, 0x0, 0x1, 0xf0, 0x0, 0x7, 0xe0,
    0x0, 0xf, 0x80, 0x0, 0x1f, 0x0, 0x0, 0x0,
    0x0, 0x0, 0x0, 0x0, 0x1, 0x0, 0x0, 0xff,
    0xe0, 0xf, 0xff, 0xc0, 0x7f, 0xff, 0x83, 0xff,
    0xff, 0xf, 0xc0, 0xfe, 0x7e, 0x1, 0xf9, 0xf8,
    0x7, 0xff, 0xc0, 0xf, 0xff, 0x0, 0x3f, 0xfc,
    0x0, 0xff, 0xf0, 0x3, 0xff, 0xc0, 0xf, 0xff,
    0x0, 0x3f, 0xfc, 0x0, 0xff, 0xf0, 0x3, 0xff,
    0xe0, 0x1f, 0x9f, 0x80, 0x7e, 0x7f, 0x3, 0xf0,
    0xff, 0xff, 0xc1, 0xff, 0xfe, 0x3, 0xff, 0xf0,
    0x7, 0xff, 0x0, 0x0, 0x80, 0x0,

    /* U+00F3 "ó" */
    0x0, 0xf, 0xc0, 0x0, 0x3f, 0x0, 0x1, 0xf8,
    0x0, 0x7, 0xc0, 0x0, 0x3e, 0x0, 0x1, 0xf8,
    0x0, 0x7, 0xc0, 0x0, 0x1e, 0x0, 0x0, 0x0,
    0x0, 0x0, 0x0, 0x0, 0x1, 0x0, 0x0, 0xff,
    0xe0, 0xf, 0xff, 0xc0, 0x7f, 0xff, 0x83, 0xff,
    0xff, 0xf, 0xc0, 0xfe, 0x7e, 0x1, 0xf9, 0xf8,
    0x7, 0xff, 0xc0, 0xf, 0xff, 0x0, 0x3f, 0xfc,
    0x0, 0xff, 0xf0, 0x3, 0xff, 0xc0, 0xf, 0xff,
    0x0, 0x3f, 0xfc, 0x0, 0xff, 0xf0, 0x3, 0xff,
    0xe0, 0x1f, 0x9f, 0x80, 0x7e, 0x7f, 0x3, 0xf0,
    0xff, 0xff, 0xc1, 0xff, 0xfe, 0x3, 0xff, 0xf0,
    0x7, 0xff, 0x0, 0x0, 0x80, 0x0,

    /* U+00F4 "ô" */
    0x0, 0xfc, 0x0, 0x7, 0xf8, 0x0, 0x1f, 0xe0,
    0x0, 0xff, 0xc0, 0x3, 0xcf, 0x80, 0x1f, 0x3e,
    0x0, 0xf8, 0x7c, 0x3, 0xc0, 0xf0, 0x0, 0x0,
    0x0, 0x0, 0x0, 0x0, 0x1, 0x0, 0x0, 0xff,
    0xe0, 0xf, 0xff, 0xc0, 0x7f, 0xff, 0x83, 0xff,
    0xff, 0xf, 0xc0, 0xfe, 0x7e, 0x1, 0xf9, 0xf8,
    0x7, 0xff, 0xc0, 0xf, 0xff, 0x0, 0x3f, 0xfc,
    0x0, 0xff, 0xf0, 0x3, 0xff, 0xc0, 0xf, 0xff,
    0x0, 0x3f, 0xfc, 0x0, 0xff, 0xf0, 0x3, 0xff,
    0xe0, 0x1f, 0x9f, 0x80, 0x7e, 0x7f, 0x3, 0xf0,
    0xff, 0xff, 0xc1, 0xff, 0xfe, 0x3, 0xff, 0xf0,
    0x7, 0xff, 0x0, 0x0, 0x80, 0x0,

    /* U+00F5 "õ" */
    0x3, 0xc0, 0xf0, 0x3f, 0xc3, 0xc0, 0xff, 0x8f,
    0x7, 0xff, 0xfc, 0x1e, 0x3f, 0xe0, 0x78, 0x7f,
    0x81, 0xe0, 0x78, 0x0, 0x0, 0x0, 0x0, 0x0,
    0x0, 0x0, 0x0, 0x0, 0x1, 0x0, 0x0, 0xff,
    0xe0, 0xf, 0xff, 0xc0, 0x7f, 0xff, 0x83, 0xff,
    0xff, 0xf, 0xc0, 0xfe, 0x7e, 0x1, 0xf9, 0xf8,
    0x7, 0xff, 0xc0, 0xf, 0xff, 0x0, 0x3f, 0xfc,
    0x0, 0xff, 0xf0, 0x3, 0xff, 0xc0, 0xf, 0xff,
    0x0, 0x3f, 0xfc, 0x0, 0xff, 0xf0, 0x3, 0xff,
    0xe0, 0x1f, 0x9f, 0x80, 0x7e, 0x7f, 0x3, 0xf0,
    0xff, 0xff, 0xc1, 0xff, 0xfe, 0x3, 0xff, 0xf0,
    0x7, 0xff, 0x0, 0x0, 0x80, 0x0,

    /* U+00F6 "ö" */
    0x7, 0x83, 0xc0, 0x3f, 0x1f, 0x80, 0xfc, 0x7e,
    0x3, 0xf1, 0xf8, 0xf, 0xc7, 0xe0, 0x1e, 0xf,
    0x0, 0x0, 0x0, 0x0, 0x0, 0x0, 0x0, 0x0,
    0x0, 0x0, 0x40, 0x0, 0x3f, 0xf8, 0x3, 0xff,
    0xf0, 0x1f, 0xff, 0xe0, 0xff, 0xff, 0xc3, 0xf0,
    0x3f, 0x9f, 0x80, 0x7e, 0x7e, 0x1, 0xff, 0xf0,
    0x3, 0xff, 0xc0, 0xf, 0xff, 0x0, 0x3f, 0xfc,
    0x0, 0xff, 0xf0, 0x3, 0xff, 0xc0, 0xf, 0xff,
    0x0, 0x3f, 0xfc, 0x0, 0xff, 0xf8, 0x7, 0xe7,
    0xe0, 0x1f, 0x9f, 0xc0, 0xfc, 0x3f, 0xff, 0xf0,
    0x7f, 0xff, 0x80, 0xff, 0xfc, 0x1, 0xff, 0xc0,
    0x0, 0x20, 0x0,

    /* U+00F7 "÷" */
    0x0, 0x7c, 0x0, 0x3, 0xf8, 0x0, 0xf, 0xe0,
    0x0, 0x3f, 0x80, 0x0, 0xfe, 0x0, 0x3, 0xf8,
    0x0, 0x7, 0xc0, 0x0, 0x0, 0x0, 0x0, 0x0,
    0x0, 0x0, 0x0, 0x0, 0x0, 0x0, 0x3f, 0xff,
    0xff, 0xff, 0xff, 0xff, 0xff, 0xff, 0xff, 0xff,
    0xff, 0xc0, 0x0, 0x0, 0x0, 0x0, 0x0, 0x0,
    0x0, 0x0, 0x7, 0xc0, 0x0, 0x3f, 0x80, 0x0,
    0xfe, 0x0, 0x3, 0xf8, 0x0, 0xf, 0xe0, 0x0,
    0x3f, 0x80, 0x0, 0x7c, 0x0,

    /* U+00F8 "ø" */
    0x0, 0x0, 0x20, 0x0, 0x1, 0xe0, 0x0, 0x3,
    0xc0, 0x0, 0xf, 0x80, 0x0, 0x1e, 0x0, 0x7f,
    0xfc, 0x3, 0xff, 0xf8, 0xf, 0xff, 0xf8, 0x3f,
    0xff, 0xf8, 0x7e, 0xf, 0xf9, 0xf8, 0x3f, 0xf3,
    0xf0, 0x7f, 0xef, 0xc1, 0xef, 0xff, 0x83, 0xcf,
    0xff, 0xf, 0x1f, 0xfe, 0x1e, 0x3f, 0xfc, 0x78,
    0x7f, 0xf8, 0xf0, 0xff, 0xf3, 0xc1, 0xff, 0xe7,
    0x83, 0xf7, 0xfe, 0xf, 0xcf, 0xfc, 0x1f, 0x9f,
    0xf8, 0x7e, 0x1f, 0xff, 0xfc, 0x1f, 0xff, 0xf0,
    0x1f, 0xff, 0xc0, 0x3f, 0xfe, 0x0, 0x78, 0x80,
    0x1, 0xf0, 0x0, 0x3, 0xc0, 0x0, 0x7, 0x80,
    0x0, 0x0,

    /* U+00F9 "ù" */
    0x1f, 0x0, 0x1, 0xf8, 0x0, 0xf, 0x80, 0x0,
    0xfc, 0x0, 0x7, 0xe0, 0x0, 0x3e, 0x0, 0x1,
    0xf0, 0x0, 0xf, 0x0, 0x0, 0x0, 0x0, 0x0,
    0x0, 0x0, 0x0, 0xf, 0xc0, 0x3f, 0xfc, 0x3,
    0xff, 0xc0, 0x3f, 0xfc, 0x3, 0xff, 0xc0, 0x3f,
    0xfc, 0x3, 0xff, 0xc0, 0x3f, 0xfc, 0x3, 0xff,
    0xc0, 0x3f, 0xfc, 0x3, 0xff, 0xc0, 0x3f, 0xfc,
    0x3, 0xff, 0xc0, 0x3f, 0xfc, 0x3, 0xff, 0xc0,
    0x3f, 0xfc, 0x3, 0xff, 0xc0, 0x7f, 0xfe, 0xf,
    0xf7, 0xff, 0xff, 0x7f, 0xff, 0xf3, 0xff, 0xdf,
    0x1f, 0xf1, 0xf0, 0x10, 0x0,

    /* U+00FA "ú" */
    0x0, 0x1f, 0x80, 0x1, 0xf8, 0x0, 0x3f, 0x0,
    0x3, 0xe0, 0x0, 0x7c, 0x0, 0xf, 0xc0, 0x0,
    0xf8, 0x0, 0x1f, 0x0, 0x0, 0x0, 0x0, 0x0,
    0x0, 0x0, 0x0, 0xf, 0xc0, 0x3f, 0xfc, 0x3,
    0xff, 0xc0, 0x3f, 0xfc, 0x3, 0xff, 0xc0, 0x3f,
    0xfc, 0x3, 0xff, 0xc0, 0x3f, 0xfc, 0x3, 0xff,
    0xc0, 0x3f, 0xfc, 0x3, 0xff, 0xc0, 0x3f, 0xfc,
    0x3, 0xff, 0xc0, 0x3f, 0xfc, 0x3, 0xff, 0xc0,
    0x3f, 0xfc, 0x3, 0xff, 0xc0, 0x7f, 0xfe, 0xf,
    0xf7, 0xff, 0xff, 0x7f, 0xff, 0xf3, 0xff, 0xdf,
    0x1f, 0xf1, 0xf0, 0x10, 0x0,

    /* U+00FB "û" */
    0x1, 0xf8, 0x0, 0x3f, 0xc0, 0x3, 0xfc, 0x0,
    0x7f, 0xe0, 0x7, 0x9f, 0x0, 0xf9, 0xf0, 0x1f,
    0xf, 0x81, 0xe0, 0x78, 0x0, 0x0, 0x0, 0x0,
    0x0, 0x0, 0x0, 0xf, 0xc0, 0x3f, 0xfc, 0x3,
    0xff, 0xc0, 0x3f, 0xfc, 0x3, 0xff, 0xc0, 0x3f,
    0xfc, 0x3, 0xff, 0xc0, 0x3f, 0xfc, 0x3, 0xff,
    0xc0, 0x3f, 0xfc, 0x3, 0xff, 0xc0, 0x3f, 0xfc,
    0x3, 0xff, 0xc0, 0x3f, 0xfc, 0x3, 0xff, 0xc0,
    0x3f, 0xfc, 0x3, 0xff, 0xc0, 0x7f, 0xfe, 0xf,
    0xf7, 0xff, 0xff, 0x7f, 0xff, 0xf3, 0xff, 0xdf,
    0x1f, 0xf1, 0xf0, 0x10, 0x0,

    /* U+00FC "ü" */
    0x1e, 0x7, 0x83, 0xf0, 0xfc, 0x3f, 0xf, 0xc3,
    0xf0, 0xfc, 0x3f, 0xf, 0xc1, 0xe0, 0x78, 0x0,
    0x0, 0x0, 0x0, 0x0, 0x0, 0x0, 0x0, 0x0,
    0x0, 0xfc, 0x3, 0xff, 0xc0, 0x3f, 0xfc, 0x3,
    0xff, 0xc0, 0x3f, 0xfc, 0x3, 0xff, 0xc0, 0x3f,
    0xfc, 0x3, 0xff, 0xc0, 0x3f, 0xfc, 0x3, 0xff,
    0xc0, 0x3f, 0xfc, 0x3, 0xff, 0xc0, 0x3f, 0xfc,
    0x3, 0xff, 0xc0, 0x3f, 0xfc, 0x3, 0xff, 0xc0,
    0x3f, 0xfc, 0x7, 0xff, 0xe0, 0xff, 0x7f, 0xff,
    0xf7, 0xff, 0xff, 0x3f, 0xfd, 0xf1, 0xff, 0x1f,
    0x1, 0x0, 0x0,

    /* U+00FD "ý" */
    0x0, 0xf, 0xc0, 0x0, 0x7e, 0x0, 0x1, 0xf8,
    0x0, 0xf, 0xc0, 0x0, 0x3e, 0x0, 0x1, 0xf0,
    0x0, 0x7, 0xc0, 0x0, 0x3e, 0x0, 0x0, 0x0,
    0x0, 0x0, 0x0, 0x0, 0x0, 0x0, 0x3f, 0x0,
    0x3f, 0xfc, 0x0, 0xff, 0xf8, 0x3, 0xf7, 0xe0,
    0x1f, 0x9f, 0xc0, 0x7e, 0x3f, 0x1, 0xf8, 0xfc,
    0xf, 0xc3, 0xf8, 0x3f, 0x7, 0xe0, 0xfc, 0x1f,
    0x87, 0xe0, 0x3f, 0x1f, 0x80, 0xfc, 0x7c, 0x3,
    0xfb, 0xf0, 0x7, 0xef, 0xc0, 0x1f, 0xbe, 0x0,
    0x3f, 0xf8, 0x0, 0xff, 0xe0, 0x3, 0xff, 0x0,
    0x7, 0xfc, 0x0, 0x1f, 0xf0, 0x0, 0x7f, 0x80,
    0x0, 0xfe, 0x0, 0x3, 0xf8, 0x0, 0xf, 0xc0,
    0x0, 0x7f, 0x0, 0x1, 0xf8, 0x0, 0x7, 0xe0,
    0x0, 0x3f, 0x80, 0x0, 0xfc, 0x0, 0x3, 0xf0,
    0x0,

    /* U+00FE "þ" */
    0xfc, 0x0, 0x7, 0xe0, 0x0, 0x3f, 0x0, 0x1,
    0xf8, 0x0, 0xf, 0xc0, 0x0, 0x7e, 0x0, 0x3,
    0xf0, 0x0, 0x1f, 0x80, 0x0, 0xfc, 0x0, 0x7,
    0xe0, 0x0, 0x3f, 0x0, 0x1, 0xf9, 0xff, 0xf,
    0xff, 0xfc, 0x7f, 0xff, 0xf3, 0xff, 0xff, 0x9f,
    0xe0, 0xfe, 0xfe, 0x3, 0xf7, 0xe0, 0x1f, 0xff,
    0x0, 0x7f, 0xf8, 0x3, 0xff, 0xc0, 0x1f, 0xfe,
    0x0, 0xff, 0xf0, 0x7, 0xff, 0x80, 0x3f, 0xfc,
    0x1, 0xff, 0xe0, 0xf, 0xff, 0x0, 0xfd, 0xfc,
    0x7, 0xef, 0xf0, 0x7f, 0x7f, 0xff, 0xf3, 0xff,
    0xff, 0x9f, 0xff, 0xf8, 0xfc, 0xff, 0x7, 0xe0,
    0xc0, 0x3f, 0x0, 0x1, 0xf8, 0x0, 0xf, 0xc0,
    0x0, 0x7e, 0x0, 0x3, 0xf0, 0x0, 0x1f, 0x80,
    0x0, 0xfc, 0x0, 0x0,

    /* U+00FF "ÿ" */
    0xf, 0x3, 0xc0, 0x7e, 0x1f, 0x81, 0xf8, 0x7e,
    0x7, 0xe1, 0xf8, 0x1f, 0x87, 0xe0, 0x3c, 0xf,
    0x0, 0x0, 0x0, 0x0, 0x0, 0x0, 0x0, 0x0,
    0x0, 0x0, 0x0, 0xf, 0xc0, 0xf, 0xff, 0x0,
    0x3f, 0xfe, 0x0, 0xfd, 0xf8, 0x7, 0xe7, 0xf0,
    0x1f, 0x9f, 0xc0, 0x7e, 0x3f, 0x3, 0xf0, 0xfe,
    0xf, 0xc1, 0xf8, 0x3e, 0x7, 0xe1, 0xf8, 0x1f,
    0xc7, 0xe0, 0x3f, 0x1f, 0x0, 0xfc, 0xfc, 0x3,
    0xfb, 0xf0, 0x7, 0xef, 0x80, 0x1f, 0xfe, 0x0,
    0x3f, 0xf0, 0x0, 0xff, 0xc0, 0x3, 0xff, 0x0,
    0x7, 0xf8, 0x0, 0x1f, 0xe0, 0x0, 0x3f, 0x80,
    0x0, 0xfc, 0x0, 0x7, 0xf0, 0x0, 0x1f, 0xc0,
    0x0, 0xfe, 0x0, 0x3, 0xf8, 0x0, 0xf, 0xc0,
    0x0, 0x7f, 0x0, 0x1, 0xf8, 0x0
};


/*---------------------
 *  GLYPH DESCRIPTION
 *--------------------*/

static const lv_font_fmt_txt_glyph_dsc_t glyph_dsc[] = {
    {.bitmap_index = 0, .adv_w = 0, .box_w = 0, .box_h = 0, .ofs_x = 0, .ofs_y = 0} /* id = 0 reserved */,
    {.bitmap_index = 0, .adv_w = 174, .box_w = 1, .box_h = 1, .ofs_x = 0, .ofs_y = 0},
    {.bitmap_index = 1, .adv_w = 250, .box_w = 6, .box_h = 34, .ofs_x = 5, .ofs_y = -1},
    {.bitmap_index = 27, .adv_w = 337, .box_w = 14, .box_h = 12, .ofs_x = 3, .ofs_y = 21},
    {.bitmap_index = 48, .adv_w = 383, .box_w = 22, .box_h = 30, .ofs_x = 1, .ofs_y = 0},
    {.bitmap_index = 131, .adv_w = 389, .box_w = 21, .box_h = 41, .ofs_x = 1, .ofs_y = -6},
    {.bitmap_index = 239, .adv_w = 560, .box_w = 32, .box_h = 32, .ofs_x = 1, .ofs_y = -1},
    {.bitmap_index = 367, .adv_w = 541, .box_w = 32, .box_h = 33, .ofs_x = 0, .ofs_y = -1},
    {.bitmap_index = 499, .adv_w = 179, .box_w = 5, .box_h = 12, .ofs_x = 3, .ofs_y = 21},
    {.bitmap_index = 507, .adv_w = 239, .box_w = 10, .box_h = 41, .ofs_x = 3, .ofs_y = -8},
    {.bitmap_index = 559, .adv_w = 239, .box_w = 10, .box_h = 41, .ofs_x = 2, .ofs_y = -8},
    {.bitmap_index = 611, .adv_w = 383, .box_w = 17, .box_h = 18, .ofs_x = 3, .ofs_y = 15},
    {.bitmap_index = 650, .adv_w = 383, .box_w = 21, .box_h = 22, .ofs_x = 1, .ofs_y = 2},
    {.bitmap_index = 708, .adv_w = 198, .box_w = 9, .box_h = 14, .ofs_x = 1, .ofs_y = -7},
    {.bitmap_index = 724, .adv_w = 235, .box_w = 12, .box_h = 4, .ofs_x = 1, .ofs_y = 9},
    {.bitmap_index = 730, .adv_w = 205, .box_w = 7, .box_h = 8, .ofs_x = 3, .ofs_y = -1},
    {.bitmap_index = 737, .adv_w = 330, .box_w = 20, .box_h = 42, .ofs_x = 0, .ofs_y = -7},
    {.bitmap_index = 842, .adv_w = 389, .box_w = 22, .box_h = 32, .ofs_x = 1, .ofs_y = -1},
    {.bitmap_index = 930, .adv_w = 389, .box_w = 19, .box_h = 30, .ofs_x = 4, .ofs_y = 0},
    {.bitmap_index = 1002, .adv_w = 389, .box_w = 20, .box_h = 31, .ofs_x = 2, .ofs_y = 0},
    {.bitmap_index = 1080, .adv_w = 389, .box_w = 20, .box_h = 32, .ofs_x = 2, .ofs_y = -1},
    {.bitmap_index = 1160, .adv_w = 389, .box_w = 22, .box_h = 30, .ofs_x = 1, .ofs_y = 0},
    {.bitmap_index = 1243, .adv_w = 389, .box_w = 19, .box_h = 31, .ofs_x = 2, .ofs_y = -1},
    {.bitmap_index = 1317, .adv_w = 389, .box_w = 21, .box_h = 32, .ofs_x = 2, .ofs_y = -1},
    {.bitmap_index = 1401, .adv_w = 389, .box_w = 20, .box_h = 30, .ofs_x = 2, .ofs_y = 0},
    {.bitmap_index = 1476, .adv_w = 389, .box_w = 21, .box_h = 32, .ofs_x = 1, .ofs_y = -1},
    {.bitmap_index = 1560, .adv_w = 389, .box_w = 21, .box_h = 32, .ofs_x = 2, .ofs_y = -1},
    {.bitmap_index = 1644, .adv_w = 212, .box_w = 6, .box_h = 23, .ofs_x = 4, .ofs_y = -1},
    {.bitmap_index = 1662, .adv_w = 212, .box_w = 9, .box_h = 29, .ofs_x = 1, .ofs_y = -7},
    {.bitmap_index = 1695, .adv_w = 383, .box_w = 20, .box_h = 23, .ofs_x = 2, .ofs_y = 2},
    {.bitmap_index = 1753, .adv_w = 383, .box_w = 20, .box_h = 14, .ofs_x = 2, .ofs_y = 7},
    {.bitmap_index = 1788, .adv_w = 383, .box_w = 20, .box_h = 23, .ofs_x = 2, .ofs_y = 2},
    {.bitmap_index = 1846, .adv_w = 356, .box_w = 17, .box_h = 34, .ofs_x = 3, .ofs_y = -1},
    {.bitmap_index = 1919, .adv_w = 690, .box_w = 40, .box_h = 37, .ofs_x = 0, .ofs_y = -6},
    {.bitmap_index = 2104, .adv_w = 465, .box_w = 28, .box_h = 30, .ofs_x = 1, .ofs_y = 0},
    {.bitmap_index = 2209, .adv_w = 431, .box_w = 22, .box_h = 30, .ofs_x = 3, .ofs_y = 0},
    {.bitmap_index = 2292, .adv_w = 407, .box_w = 23, .box_h = 32, .ofs_x = 2, .ofs_y = -1},
    {.bitmap_index = 2384, .adv_w = 484, .box_w = 25, .box_h = 30, .ofs_x = 3, .ofs_y = 0},
    {.bitmap_index = 2478, .adv_w = 375, .box_w = 18, .box_h = 30, .ofs_x = 3, .ofs_y = 0},
    {.bitmap_index = 2546, .adv_w = 353, .box_w = 17, .box_h = 30, .ofs_x = 3, .ofs_y = 0},
    {.bitmap_index = 2610, .adv_w = 489, .box_w = 26, .box_h = 32, .ofs_x = 2, .ofs_y = -1},
    {.bitmap_index = 2714, .adv_w = 485, .box_w = 24, .box_h = 30, .ofs_x = 3, .ofs_y = 0},
    {.bitmap_index = 2804, .adv_w = 205, .box_w = 6, .box_h = 30, .ofs_x = 3, .ofs_y = 0},
    {.bitmap_index = 2827, .adv_w = 254, .box_w = 13, .box_h = 31, .ofs_x = 0, .ofs_y = -1},
    {.bitmap_index = 2878, .adv_w = 420, .box_w = 22, .box_h = 30, .ofs_x = 3, .ofs_y = 0},
    {.bitmap_index = 2961, .adv_w = 325, .box_w = 17, .box_h = 30, .ofs_x = 3, .ofs_y = 0},
    {.bitmap_index = 3025, .adv_w = 671, .box_w = 35, .box_h = 30, .ofs_x = 3, .ofs_y = 0},
    {.bitmap_index = 3157, .adv_w = 506, .box_w = 25, .box_h = 30, .ofs_x = 3, .ofs_y = 0},
    {.bitmap_index = 3251, .adv_w = 519, .box_w = 28, .box_h = 32, .ofs_x = 2, .ofs_y = -1},
    {.bitmap_index = 3363, .adv_w = 409, .box_w = 21, .box_h = 30, .ofs_x = 3, .ofs_y = 0},
    {.bitmap_index = 3442, .adv_w = 527, .box_w = 32, .box_h = 37, .ofs_x = 2, .ofs_y = -6},
    {.bitmap_index = 3590, .adv_w = 432, .box_w = 23, .box_h = 30, .ofs_x = 3, .ofs_y = 0},
    {.bitmap_index = 3677, .adv_w = 363, .box_w = 20, .box_h = 32, .ofs_x = 1, .ofs_y = -1},
    {.bitmap_index = 3757, .adv_w = 380, .box_w = 23, .box_h = 30, .ofs_x = 1, .ofs_y = 0},
    {.bitmap_index = 3844, .adv_w = 501, .box_w = 25, .box_h = 31, .ofs_x = 3, .ofs_y = -1},
    {.bitmap_index = 3941, .adv_w = 454, .box_w = 27, .box_h = 30, .ofs_x = 1, .ofs_y = 0},
    {.bitmap_index = 4043, .adv_w = 696, .box_w = 41, .box_h = 30, .ofs_x = 1, .ofs_y = 0},
    {.bitmap_index = 4197, .adv_w = 423, .box_w = 25, .box_h = 30, .ofs_x = 1, .ofs_y = 0},
    {.bitmap_index = 4291, .adv_w = 399, .box_w = 24, .box_h = 30, .ofs_x = 0, .ofs_y = 0},
    {.bitmap_index = 4381, .adv_w = 367, .box_w = 21, .box_h = 30, .ofs_x = 1, .ofs_y = 0},
    {.bitmap_index = 4460, .adv_w = 249, .box_w = 10, .box_h = 41, .ofs_x = 4, .ofs_y = -8},
    {.bitmap_index = 4512, .adv_w = 330, .box_w = 20, .box_h = 42, .ofs_x = 1, .ofs_y = -7},
    {.bitmap_index = 4617, .adv_w = 249, .box_w = 11, .box_h = 41, .ofs_x = 2, .ofs_y = -8},
    {.bitmap_index = 4674, .adv_w = 383, .box_w = 22, .box_h = 19, .ofs_x = 1, .ofs_y = 12},
    {.bitmap_index = 4727, .adv_w = 383, .box_w = 24, .box_h = 4, .ofs_x = 0, .ofs_y = -9},
    {.bitmap_index = 4739, .adv_w = 231, .box_w = 12, .box_h = 11, .ofs_x = 0, .ofs_y = 22},
    {.bitmap_index = 4756, .adv_w = 379, .box_w = 19, .box_h = 24, .ofs_x = 2, .ofs_y = -1},
    {.bitmap_index = 4813, .adv_w = 412, .box_w = 21, .box_h = 34, .ofs_x = 3, .ofs_y = -1},
    {.bitmap_index = 4903, .adv_w = 321, .box_w = 17, .box_h = 24, .ofs_x = 2, .ofs_y = -1},
    {.bitmap_index = 4954, .adv_w = 412, .box_w = 21, .box_h = 34, .ofs_x = 2, .ofs_y = -1},
    {.bitmap_index = 5044, .adv_w = 387, .box_w = 21, .box_h = 24, .ofs_x = 2, .ofs_y = -1},
    {.bitmap_index = 5107, .adv_w = 243, .box_w = 15, .box_h = 33, .ofs_x = 1, .ofs_y = 0},
    {.bitmap_index = 5169, .adv_w = 364, .box_w = 21, .box_h = 31, .ofs_x = 1, .ofs_y = -8},
    {.bitmap_index = 5251, .adv_w = 412, .box_w = 20, .box_h = 33, .ofs_x = 3, .ofs_y = 0},
    {.bitmap_index = 5334, .adv_w = 189, .box_w = 7, .box_h = 32, .ofs_x = 3, .ofs_y = 0},
    {.bitmap_index = 5362, .adv_w = 196, .box_w = 11, .box_h = 40, .ofs_x = -1, .ofs_y = -8},
    {.bitmap_index = 5417, .adv_w = 369, .box_w = 20, .box_h = 33, .ofs_x = 3, .ofs_y = 0},
    {.bitmap_index = 5500, .adv_w = 189, .box_w = 6, .box_h = 33, .ofs_x = 3, .ofs_y = 0},
    {.bitmap_index = 5525, .adv_w = 625, .box_w = 33, .box_h = 23, .ofs_x = 3, .ofs_y = 0},
    {.bitmap_index = 5620, .adv_w = 412, .box_w = 20, .box_h = 23, .ofs_x = 3, .ofs_y = 0},
    {.bitmap_index = 5678, .adv_w = 413, .box_w = 22, .box_h = 24, .ofs_x = 2, .ofs_y = -1},
    {.bitmap_index = 5744, .adv_w = 412, .box_w = 21, .box_h = 31, .ofs_x = 3, .ofs_y = -8},
    {.bitmap_index = 5826, .adv_w = 412, .box_w = 21, .box_h = 31, .ofs_x = 2, .ofs_y = -8},
    {.bitmap_index = 5908, .adv_w = 273, .box_w = 14, .box_h = 23, .ofs_x = 3, .ofs_y = 0},
    {.bitmap_index = 5949, .adv_w = 306, .box_w = 16, .box_h = 24, .ofs_x = 2, .ofs_y = -1},
    {.bitmap_index = 5997, .adv_w = 266, .box_w = 15, .box_h = 29, .ofs_x = 1, .ofs_y = -1},
    {.bitmap_index = 6052, .adv_w = 412, .box_w = 20, .box_h = 23, .ofs_x = 3, .ofs_y = -1},
    {.bitmap_index = 6110, .adv_w = 363, .box_w = 22, .box_h = 22, .ofs_x = 0, .ofs_y = 0},
    {.bitmap_index = 6171, .adv_w = 572, .box_w = 34, .box_h = 22, .ofs_x = 1, .ofs_y = 0},
    {.bitmap_index = 6265, .adv_w = 353, .box_w = 20, .box_h = 22, .ofs_x = 1, .ofs_y = 0},
    {.bitmap_index = 6320, .adv_w = 364, .box_w = 22, .box_h = 30, .ofs_x = 1, .ofs_y = -8},
    {.bitmap_index = 6403, .adv_w = 305, .box_w = 16, .box_h = 22, .ofs_x = 2, .ofs_y = 0},
    {.bitmap_index = 6447, .adv_w = 264, .box_w = 14, .box_h = 41, .ofs_x = 1, .ofs_y = -8},
    {.bitmap_index = 6519, .adv_w = 365, .box_w = 6, .box_h = 42, .ofs_x = 9, .ofs_y = -8},
    {.bitmap_index = 6551, .adv_w = 264, .box_w = 14, .box_h = 41, .ofs_x = 2, .ofs_y = -8},
    {.bitmap_index = 6623, .adv_w = 383, .box_w = 21, .box_h = 9, .ofs_x = 1, .ofs_y = 18},
    {.bitmap_index = 6647, .adv_w = 174, .box_w = 1, .box_h = 1, .ofs_x = 0, .ofs_y = 0},
    {.bitmap_index = 6648, .adv_w = 250, .box_w = 6, .box_h = 33, .ofs_x = 4, .ofs_y = -5},
    {.bitmap_index = 6673, .adv_w = 383, .box_w = 17, .box_h = 32, .ofs_x = 4, .ofs_y = -1},
    {.bitmap_index = 6741, .adv_w = 389, .box_w = 21, .box_h = 31, .ofs_x = 2, .ofs_y = 0},
    {.bitmap_index = 6823, .adv_w = 383, .box_w = 22, .box_h = 26, .ofs_x = 1, .ofs_y = 0},
    {.bitmap_index = 6895, .adv_w = 389, .box_w = 22, .box_h = 30, .ofs_x = 1, .ofs_y = 0},
    {.bitmap_index = 6978, .adv_w = 383, .box_w = 6, .box_h = 43, .ofs_x = 9, .ofs_y = -8},
    {.bitmap_index = 7011, .adv_w = 383, .box_w = 20, .box_h = 37, .ofs_x = 2, .ofs_y = -5},
    {.bitmap_index = 7104, .adv_w = 318, .box_w = 17, .box_h = 10, .ofs_x = 0, .ofs_y = 22},
    {.bitmap_index = 7126, .adv_w = 641, .box_w = 33, .box_h = 33, .ofs_x = 4, .ofs_y = -1},
    {.bitmap_index = 7263, .adv_w = 320, .box_w = 15, .box_h = 23, .ofs_x = 2, .ofs_y = 8},
    {.bitmap_index = 7307, .adv_w = 414, .box_w = 20, .box_h = 20, .ofs_x = 2, .ofs_y = 2},
    {.bitmap_index = 7357, .adv_w = 383, .box_w = 21, .box_h = 10, .ofs_x = 1, .ofs_y = 6},
    {.bitmap_index = 7384, .adv_w = 235, .box_w = 12, .box_h = 4, .ofs_x = 1, .ofs_y = 9},
    {.bitmap_index = 7390, .adv_w = 389, .box_w = 20, .box_h = 19, .ofs_x = 2, .ofs_y = 14},
    {.bitmap_index = 7438, .adv_w = 300, .box_w = 16, .box_h = 9, .ofs_x = 0, .ofs_y = 22},
    {.bitmap_index = 7456, .adv_w = 263, .box_w = 15, .box_h = 12, .ofs_x = 0, .ofs_y = 20},
    {.bitmap_index = 7479, .adv_w = 383, .box_w = 21, .box_h = 28, .ofs_x = 2, .ofs_y = 0},
    {.bitmap_index = 7553, .adv_w = 260, .box_w = 13, .box_h = 19, .ofs_x = 1, .ofs_y = 17},
    {.bitmap_index = 7584, .adv_w = 258, .box_w = 14, .box_h = 19, .ofs_x = 1, .ofs_y = 17},
    {.bitmap_index = 7618, .adv_w = 231, .box_w = 12, .box_h = 11, .ofs_x = 0, .ofs_y = 22},
    {.bitmap_index = 7635, .adv_w = 433, .box_w = 24, .box_h = 30, .ofs_x = 3, .ofs_y = -8},
    {.bitmap_index = 7725, .adv_w = 459, .box_w = 23, .box_h = 36, .ofs_x = 2, .ofs_y = -6},
    {.bitmap_index = 7829, .adv_w = 206, .box_w = 7, .box_h = 7, .ofs_x = 3, .ofs_y = 10},
    {.bitmap_index = 7836, .adv_w = 233, .box_w = 10, .box_h = 9, .ofs_x = 2, .ofs_y = -9},
    {.bitmap_index = 7848, .adv_w = 194, .box_w = 9, .box_h = 19, .ofs_x = 1, .ofs_y = 17},
    {.bitmap_index = 7870, .adv_w = 334, .box_w = 17, .box_h = 23, .ofs_x = 2, .ofs_y = 8},
    {.bitmap_index = 7919, .adv_w = 414, .box_w = 20, .box_h = 20, .ofs_x = 4, .ofs_y = 2},
    {.bitmap_index = 7969, .adv_w = 505, .box_w = 29, .box_h = 33, .ofs_x = 1, .ofs_y = -1},
    {.bitmap_index = 8089, .adv_w = 531, .box_w = 30, .box_h = 32, .ofs_x = 1, .ofs_y = -1},
    {.bitmap_index = 8209, .adv_w = 539, .box_w = 31, .box_h = 33, .ofs_x = 1, .ofs_y = -1},
    {.bitmap_index = 8337, .adv_w = 356, .box_w = 18, .box_h = 33, .ofs_x = 2, .ofs_y = -4},
    {.bitmap_index = 8412, .adv_w = 465, .box_w = 28, .box_h = 40, .ofs_x = 1, .ofs_y = 0},
    {.bitmap_index = 8552, .adv_w = 465, .box_w = 28, .box_h = 40, .ofs_x = 1, .ofs_y = 0},
    {.bitmap_index = 8692, .adv_w = 465, .box_w = 28, .box_h = 40, .ofs_x = 1, .ofs_y = 0},
    {.bitmap_index = 8832, .adv_w = 465, .box_w = 27, .box_h = 39, .ofs_x = 1, .ofs_y = 0},
    {.bitmap_index = 8964, .adv_w = 465, .box_w = 28, .box_h = 39, .ofs_x = 0, .ofs_y = 0},
    {.bitmap_index = 9101, .adv_w = 465, .box_w = 28, .box_h = 41, .ofs_x = 0, .ofs_y = 0},
    {.bitmap_index = 9245, .adv_w = 596, .box_w = 36, .box_h = 30, .ofs_x = -1, .ofs_y = 0},
    {.bitmap_index = 9380, .adv_w = 407, .box_w = 23, .box_h = 39, .ofs_x = 2, .ofs_y = -8},
    {.bitmap_index = 9493, .adv_w = 375, .box_w = 20, .box_h = 40, .ofs_x = 1, .ofs_y = 0},
    {.bitmap_index = 9593, .adv_w = 375, .box_w = 18, .box_h = 40, .ofs_x = 3, .ofs_y = 0},
    {.bitmap_index = 9683, .adv_w = 375, .box_w = 20, .box_h = 40, .ofs_x = 1, .ofs_y = 0},
    {.bitmap_index = 9783, .adv_w = 375, .box_w = 19, .box_h = 39, .ofs_x = 2, .ofs_y = 0},
    {.bitmap_index = 9876, .adv_w = 205, .box_w = 14, .box_h = 40, .ofs_x = -4, .ofs_y = 0},
    {.bitmap_index = 9946, .adv_w = 205, .box_w = 13, .box_h = 40, .ofs_x = 1, .ofs_y = 0},
    {.bitmap_index = 10011, .adv_w = 205, .box_w = 18, .box_h = 40, .ofs_x = -4, .ofs_y = 0},
    {.bitmap_index = 10101, .adv_w = 205, .box_w = 18, .box_h = 39, .ofs_x = -4, .ofs_y = 0},
    {.bitmap_index = 10189, .adv_w = 491, .box_w = 28, .box_h = 30, .ofs_x = 1, .ofs_y = 0},
    {.bitmap_index = 10294, .adv_w = 506, .box_w = 25, .box_h = 39, .ofs_x = 3, .ofs_y = 0},
    {.bitmap_index = 10416, .adv_w = 519, .box_w = 28, .box_h = 41, .ofs_x = 2, .ofs_y = -1},
    {.bitmap_index = 10560, .adv_w = 519, .box_w = 28, .box_h = 41, .ofs_x = 2, .ofs_y = -1},
    {.bitmap_index = 10704, .adv_w = 519, .box_w = 28, .box_h = 41, .ofs_x = 2, .ofs_y = -1},
    {.bitmap_index = 10848, .adv_w = 519, .box_w = 28, .box_h = 40, .ofs_x = 2, .ofs_y = -1},
    {.bitmap_index = 10988, .adv_w = 519, .box_w = 28, .box_h = 40, .ofs_x = 2, .ofs_y = -1},
    {.bitmap_index = 11128, .adv_w = 383, .box_w = 20, .box_h = 20, .ofs_x = 2, .ofs_y = 4},
    {.bitmap_index = 11178, .adv_w = 523, .box_w = 29, .box_h = 41, .ofs_x = 2, .ofs_y = -5},
    {.bitmap_index = 11327, .adv_w = 501, .box_w = 25, .box_h = 41, .ofs_x = 3, .ofs_y = -1},
    {.bitmap_index = 11456, .adv_w = 501, .box_w = 25, .box_h = 41, .ofs_x = 3, .ofs_y = -1},
    {.bitmap_index = 11585, .adv_w = 501, .box_w = 25, .box_h = 41, .ofs_x = 3, .ofs_y = -1},
    {.bitmap_index = 11714, .adv_w = 501, .box_w = 25, .box_h = 40, .ofs_x = 3, .ofs_y = -1},
    {.bitmap_index = 11839, .adv_w = 399, .box_w = 24, .box_h = 40, .ofs_x = 0, .ofs_y = 0},
    {.bitmap_index = 11959, .adv_w = 409, .box_w = 21, .box_h = 30, .ofs_x = 3, .ofs_y = 0},
    {.bitmap_index = 12038, .adv_w = 426, .box_w = 22, .box_h = 34, .ofs_x = 3, .ofs_y = -1},
    {.bitmap_index = 12132, .adv_w = 379, .box_w = 19, .box_h = 34, .ofs_x = 2, .ofs_y = -1},
    {.bitmap_index = 12213, .adv_w = 379, .box_w = 19, .box_h = 34, .ofs_x = 2, .ofs_y = -1},
    {.bitmap_index = 12294, .adv_w = 379, .box_w = 19, .box_h = 34, .ofs_x = 2, .ofs_y = -1},
    {.bitmap_index = 12375, .adv_w = 379, .box_w = 20, .box_h = 34, .ofs_x = 1, .ofs_y = -1},
    {.bitmap_index = 12460, .adv_w = 379, .box_w = 19, .box_h = 33, .ofs_x = 2, .ofs_y = -1},
    {.bitmap_index = 12539, .adv_w = 379, .box_w = 19, .box_h = 35, .ofs_x = 2, .ofs_y = -1},
    {.bitmap_index = 12623, .adv_w = 595, .box_w = 34, .box_h = 24, .ofs_x = 2, .ofs_y = -1},
    {.bitmap_index = 12725, .adv_w = 321, .box_w = 17, .box_h = 31, .ofs_x = 2, .ofs_y = -8},
    {.bitmap_index = 12791, .adv_w = 387, .box_w = 21, .box_h = 34, .ofs_x = 2, .ofs_y = -1},
    {.bitmap_index = 12881, .adv_w = 387, .box_w = 21, .box_h = 34, .ofs_x = 2, .ofs_y = -1},
    {.bitmap_index = 12971, .adv_w = 387, .box_w = 21, .box_h = 34, .ofs_x = 2, .ofs_y = -1},
    {.bitmap_index = 13061, .adv_w = 387, .box_w = 21, .box_h = 33, .ofs_x = 2, .ofs_y = -1},
    {.bitmap_index = 13148, .adv_w = 189, .box_w = 12, .box_h = 33, .ofs_x = -3, .ofs_y = 0},
    {.bitmap_index = 13198, .adv_w = 189, .box_w = 12, .box_h = 33, .ofs_x = 1, .ofs_y = 0},
    {.bitmap_index = 13248, .adv_w = 189, .box_w = 17, .box_h = 33, .ofs_x = -4, .ofs_y = 0},
    {.bitmap_index = 13319, .adv_w = 189, .box_w = 16, .box_h = 32, .ofs_x = -3, .ofs_y = 0},
    {.bitmap_index = 13383, .adv_w = 412, .box_w = 21, .box_h = 34, .ofs_x = 2, .ofs_y = -1},
    {.bitmap_index = 13473, .adv_w = 412, .box_w = 21, .box_h = 33, .ofs_x = 2, .ofs_y = 0},
    {.bitmap_index = 13560, .adv_w = 413, .box_w = 22, .box_h = 34, .ofs_x = 2, .ofs_y = -1},
    {.bitmap_index = 13654, .adv_w = 413, .box_w = 22, .box_h = 34, .ofs_x = 2, .ofs_y = -1},
    {.bitmap_index = 13748, .adv_w = 413, .box_w = 22, .box_h = 34, .ofs_x = 2, .ofs_y = -1},
    {.bitmap_index = 13842, .adv_w = 413, .box_w = 22, .box_h = 34, .ofs_x = 2, .ofs_y = -1},
    {.bitmap_index = 13936, .adv_w = 413, .box_w = 22, .box_h = 33, .ofs_x = 2, .ofs_y = -1},
    {.bitmap_index = 14027, .adv_w = 383, .box_w = 22, .box_h = 25, .ofs_x = 1, .ofs_y = 1},
    {.bitmap_index = 14096, .adv_w = 418, .box_w = 23, .box_h = 31, .ofs_x = 2, .ofs_y = -4},
    {.bitmap_index = 14186, .adv_w = 412, .box_w = 20, .box_h = 34, .ofs_x = 3, .ofs_y = -1},
    {.bitmap_index = 14271, .adv_w = 412, .box_w = 20, .box_h = 34, .ofs_x = 3, .ofs_y = -1},
    {.bitmap_index = 14356, .adv_w = 412, .box_w = 20, .box_h = 34, .ofs_x = 3, .ofs_y = -1},
    {.bitmap_index = 14441, .adv_w = 412, .box_w = 20, .box_h = 33, .ofs_x = 3, .ofs_y = -1},
    {.bitmap_index = 14524, .adv_w = 364, .box_w = 22, .box_h = 41, .ofs_x = 1, .ofs_y = -8},
    {.bitmap_index = 14637, .adv_w = 412, .box_w = 21, .box_h = 41, .ofs_x = 3, .ofs_y = -8},
    {.bitmap_index = 14745, .adv_w = 364, .box_w = 22, .box_h = 40, .ofs_x = 1, .ofs_y = -8}
};

/*---------------------
 *  CHARACTER MAPPING
 *--------------------*/



/*Collect the unicode lists and glyph_id offsets*/
static const lv_font_fmt_txt_cmap_t cmaps[] =
{
    {
        .range_start = 32, .range_length = 95, .glyph_id_start = 1,
        .unicode_list = NULL, .glyph_id_ofs_list = NULL, .list_length = 0, .type = LV_FONT_FMT_TXT_CMAP_FORMAT0_TINY
    },
    {
        .range_start = 160, .range_length = 96, .glyph_id_start = 96,
        .unicode_list = NULL, .glyph_id_ofs_list = NULL, .list_length = 0, .type = LV_FONT_FMT_TXT_CMAP_FORMAT0_TINY
    }
};



/*--------------------
 *  ALL CUSTOM DATA
 *--------------------*/

#if LVGL_VERSION_MAJOR == 8
/*Store all the custom data of the font*/
static  lv_font_fmt_txt_glyph_cache_t cache;
#endif

#if LVGL_VERSION_MAJOR >= 8
static const lv_font_fmt_txt_dsc_t font_dsc = {
#else
static lv_font_fmt_txt_dsc_t font_dsc = {
#endif
    .glyph_bitmap = glyph_bitmap,
    .glyph_dsc = glyph_dsc,
    .cmaps = cmaps,
    .kern_dsc = NULL,
    .kern_scale = 0,
    .cmap_num = 2,
    .bpp = 1,
    .kern_classes = 0,
    .bitmap_format = 0,
#if LVGL_VERSION_MAJOR == 8
    .cache = &cache
#endif
};



/*-----------------
 *  PUBLIC FONT
 *----------------*/

/*Initialize a public general font descriptor*/
#if LVGL_VERSION_MAJOR >= 8
const lv_font_t ui_font_Calibri48 = {
#else
lv_font_t ui_font_Calibri48 = {
#endif
    .get_glyph_dsc = lv_font_get_glyph_dsc_fmt_txt,    /*Function pointer to get glyph's data*/
    .get_glyph_bitmap = lv_font_get_bitmap_fmt_txt,    /*Function pointer to get glyph's bitmap*/
    .line_height = 50,          /*The maximum line height required by the font*/
    .base_line = 9,             /*Baseline measured from the bottom of the line*/
#if !(LVGL_VERSION_MAJOR == 6 && LVGL_VERSION_MINOR == 0)
    .subpx = LV_FONT_SUBPX_NONE,
#endif
#if LV_VERSION_CHECK(7, 4, 0) || LVGL_VERSION_MAJOR >= 8
    .underline_position = -5,
    .underline_thickness = 3,
#endif
    .dsc = &font_dsc,          /*The custom font data. Will be accessed by `get_glyph_bitmap/dsc` */
#if LV_VERSION_CHECK(8, 2, 0) || LVGL_VERSION_MAJOR >= 9
    .fallback = NULL,
#endif
    .user_data = NULL,
};



#endif /*#if UI_FONT_CALIBRI48*/

